
============================================================
[run_all] v0_baseline
============================================================
[Info] [carb] Logging to file: /home/shinben0327/miniconda3/envs/3dv/lib/python3.11/site-packages/isaacsim/kit/logs/Kit/Isaac-Sim Python/5.1/kit_20260428_113830.log
2026-04-28T09:38:30Z [0ms] [Warning] [carb.crashreporter-breakpad.plugin] [previous crash] preventing upload of minidump due to user opt-out: '/home/shinben0327/miniconda3/envs/3dv/lib/python3.11/site-packages/isaacsim/kit/data/Kit/Isaac-Sim Python/5.1/eff7d5d5-1367-40aa-750f2da2-5077d85b.dmp'
2026-04-28T09:38:30Z [1ms] [Warning] [carb.crashreporter-breakpad.plugin] [previous crash] preventing upload of minidump due to user opt-out: '/home/shinben0327/miniconda3/envs/3dv/lib/python3.11/site-packages/isaacsim/kit/data/Kit/Isaac-Sim Python/5.1/78516c7e-9a77-435e-ea4991b8-4568510e.dmp'
[0.030s] [ext: omni.kit.async_engine-0.0.3] startup
[0.089s] [ext: omni.metrics.core-0.0.3] startup
[0.089s] [ext: omni.client.lib-1.1.0] startup
[0.098s] [ext: omni.blobkey-1.1.2] startup
[0.098s] [ext: omni.stats-1.0.1] startup
[0.099s] [ext: omni.datastore-0.0.0] startup
[0.103s] [ext: omni.client-1.3.0] startup
[0.156s] [ext: omni.ujitso.default-1.0.0] startup
[0.158s] [ext: omni.hsscclient-1.1.2] startup
[0.161s] [ext: omni.gpu_foundation.shadercache.vulkan-1.0.0] startup
[0.163s] [ext: omni.assets.plugins-0.0.0] startup
[0.164s] [ext: omni.gpu_foundation-0.0.0] startup
[0.169s] [ext: carb.windowing.plugins-1.0.0] startup
[0.182s] [ext: omni.kit.renderer.init-0.0.0] startup

|---------------------------------------------------------------------------------------------|
| Driver Version: 580.126.09    | Graphics API: Vulkan
|=============================================================================================|
| GPU | Name                             | Active | LDA | GPU Memory | Vendor-ID | LUID       |
|     |                                  |        |     |            | Device-ID | UUID       |
|     |                                  |        |     |            | Bus-ID    |            |
|---------------------------------------------------------------------------------------------|
| 0   | NVIDIA GeForce RTX 4060 Laptop.. | Yes: 0 |     | 8188    MB | 10de      | 0          |
|     |                                  |        |     |            | 28e0      | 67d90d8d.. |
|     |                                  |        |     |            | 1         |            |
|=============================================================================================|
| OS: 24.04.4 LTS (Noble Numbat) ubuntu, Version: 24.04.4, Kernel: 6.17.0-22-generic
| XServer Vendor: The X.Org Foundation, XServer Version: 12101011 (1.21.1.11)
| Processor: 13th Gen Intel(R) Core(TM) i7-13700H
| Bare Metal Cores: 14 | Bare Metal Logical Cores: 28
| Available Cores:  20 
|---------------------------------------------------------------------------------------------|
| Total Memory (MB): 31887 | Free Memory: 16587
| Total Page/Swap (MB): 8191 | Free Page/Swap: 4447
|---------------------------------------------------------------------------------------------|
2026-04-28T09:38:31Z [691ms] [Warning] [gpu.foundation.plugin] CPU performance profile is set to powersave. This profile sets the CPU to the lowest frequency reducing performance.
[0.821s] [ext: omni.materialx.libs-1.0.7] startup
[0.828s] [ext: omni.kit.telemetry-0.5.2] startup
[0.846s] [ext: omni.usd.config-1.0.6] startup
[0.848s] [ext: omni.gpucompute.plugins-0.0.0] startup
[0.849s] [ext: omni.usd.libs-1.0.1] startup
[0.916s] [ext: omni.kit.loop-isaac-1.3.7] startup
[0.917s] [ext: omni.kit.test-2.0.1] startup
[0.955s] [ext: omni.mdl-56.0.3] startup
[0.968s] [ext: omni.iray.libs-0.0.0] startup
[0.972s] [ext: omni.mdl.neuraylib-0.2.12] startup
[0.974s] [ext: omni.kit.usd.mdl-1.1.5] startup
[1.042s] [ext: omni.kit.pipapi-0.0.0] startup
[1.043s] [ext: omni.appwindow-1.1.10] startup
[1.047s] [ext: omni.kit.renderer.core-1.1.0] startup
[1.138s] [ext: omni.kit.renderer.capture-0.0.0] startup
[1.140s] [ext: omni.kit.renderer.imgui-2.0.5] startup
[1.235s] [ext: omni.ui-2.27.1] startup
[1.242s] [ext: omni.kit.mainwindow-1.0.3] startup
[1.243s] [ext: carb.audio-0.1.0] startup
[1.246s] [ext: omni.uiaudio-1.0.0] startup
[1.247s] [ext: omni.kit.uiapp-0.0.0] startup
[1.247s] [ext: omni.usd.schema.metrics.assembler-107.3.1] startup
[1.249s] [ext: omni.usd.schema.physx-107.3.26] startup
[1.273s] [ext: omni.usd.schema.geospatial-0.0.0] startup
[1.275s] [ext: omni.usd.schema.audio-0.0.0] startup
[1.277s] [ext: omni.usd.schema.anim-0.0.0] startup
[1.294s] [ext: omni.usd.schema.flow-107.1.1] startup
[1.294s] [ext: omni.usd_resolver-1.0.0] startup
[1.297s] [ext: omni.usd.core-1.5.3] startup
[1.299s] [ext: omni.usd.schema.omni_sensors-0.0.0] startup
[1.316s] [ext: omni.usd.schema.semantics-0.0.0] startup
[1.318s] [ext: omni.usd.schema.omniscripting-1.0.0] startup
[1.321s] [ext: omni.usd.schema.omni_lens_distortion-0.0.0] startup
[1.321s] [ext: omni.usd.schema.omnigraph-1.0.0] startup
[1.327s] [ext: omni.kit.window.popup_dialog-2.0.24] startup
[1.330s] [ext: omni.graph.exec-0.9.6] startup
[1.331s] [ext: omni.kit.widget.nucleus_connector-2.0.1] startup
[1.332s] [ext: omni.kit.usd_undo-0.1.8] startup
[1.333s] [ext: omni.kit.exec.core-0.13.4] startup
[1.334s] [ext: omni.kit.actions.core-1.0.0] startup
[1.335s] [ext: omni.resourcemonitor-107.0.1] startup
[1.337s] [ext: omni.activity.core-1.0.3] startup
[1.338s] [ext: omni.timeline-1.0.14] startup
[1.339s] [ext: omni.kit.commands-1.4.10] startup
[1.341s] [ext: usdrt.scenegraph-7.6.1] startup
[1.367s] [ext: omni.kit.audiodeviceenum-1.0.2] startup
[1.368s] [ext: omni.hydra.usdrt_delegate-7.5.1] startup
[1.373s] [ext: omni.hydra.scene_delegate-0.3.4] startup
[1.377s] [ext: omni.usd-1.13.10] startup
[1.398s] [ext: omni.inspect-1.0.2] startup
[1.399s] [ext: omni.kit.notification_manager-1.0.10] startup
[1.400s] [ext: omni.graph.core-2.184.5] startup
[1.402s] [ext: isaacsim.core.deprecation_manager-0.2.7] startup
[1.403s] [ext: omni.anim.graph.schema-107.3.3] startup
[1.407s] [ext: omni.usd.schema.isaac-3.0.5] startup
[1.407s] [ext: omni.anim.navigation.schema-107.3.3] startup
[1.409s] [ext: omni.kit.asset_converter-5.0.17] startup
[1.418s] [ext: isaacsim.robot.schema-3.6.0] startup
[1.424s] [ext: omni.usd.schema.render_settings.rtx-0.0.0] startup
[1.424s] [ext: omni.kit.menu.core-1.1.2] startup
[1.425s] [ext: omni.kit.widget.path_field-2.0.11] startup
[1.425s] [ext: omni.kit.widget.context_menu-1.2.5] startup
[1.426s] [ext: omni.kit.widget.browser_bar-2.0.10] startup
[1.426s] [ext: omni.kit.clipboard-1.0.5] startup
[1.427s] [ext: omni.kit.numpy.common-0.1.3] startup
[1.427s] [ext: omni.kit.widget.options_menu-1.1.6] startup
[1.429s] [ext: omni.kit.helper.file_utils-0.1.9] startup
[1.430s] [ext: omni.ui.scene-1.11.5] startup
[1.433s] [ext: omni.kit.widget.options_button-1.0.3] startup
[1.433s] [ext: omni.kit.widget.filebrowser-2.12.3] startup
[1.436s] [ext: omni.kit.usd.layers-2.2.11] startup
[1.441s] [ext: omni.kit.window.filepicker-2.13.4] startup
[1.450s] [ext: omni.kit.hotkeys.core-1.3.10] startup
[1.452s] [ext: omni.kit.context_menu-1.8.6] startup
[1.454s] [ext: omni.kit.property.adapter.core-1.0.2] startup
[1.455s] [ext: omni.kit.window.file_exporter-1.0.33] startup
[1.456s] [ext: omni.kit.widget.searchfield-1.1.8] startup
[1.457s] [ext: omni.kit.widget.filter-1.1.4] startup
[1.457s] [ext: omni.kit.widget.graph-2.0.0] startup
[1.461s] [ext: omni.kit.widget.stage-3.1.4] startup
[1.467s] [ext: omni.kit.property.adapter.usd-1.0.2] startup
[1.468s] [ext: omni.kit.property.adapter.fabric-1.0.3] startup
[1.468s] [ext: omni.kit.graph.delegate.default-1.2.3] startup
[1.469s] [ext: omni.kit.window.file_importer-1.1.18] startup
[1.469s] [ext: omni.kit.stage_template.core-1.1.22] startup
[1.469s] [ext: omni.kit.menu.utils-2.0.5] startup
[1.472s] [ext: omni.kit.window.file-2.0.5] startup
[1.474s] [ext: omni.kit.widget.highlight_label-1.0.3] startup
[1.474s] [ext: omni.kit.window.drop_support-1.0.5] startup
[1.474s] [ext: omni.kit.window.content_browser_registry-0.0.6] startup
[1.475s] [ext: omni.kit.window.property-1.12.1] startup
[1.476s] [ext: omni.kit.window.content_browser-3.1.3] startup
[1.483s] [ext: isaacsim.core.version-2.0.6] startup
[1.484s] [ext: omni.kit.property.usd-4.5.12] startup
[1.490s] [ext: omni.kit.graph.editor.core-1.5.3] startup
[1.492s] [ext: omni.kit.material.library-2.0.7] startup
[1.494s] [ext: omni.kit.graph.usd.commands-1.3.1] startup
[1.495s] [ext: omni.kvdb-107.3.26] startup
[1.496s] [ext: omni.usdphysics-107.3.26] startup
[1.498s] [ext: omni.physx.foundation-107.3.26] startup
[1.499s] [ext: omni.localcache-107.3.26] startup
[1.499s] [ext: omni.convexdecomposition-107.3.26] startup
[1.501s] [ext: omni.physics-107.3.26] startup
[1.503s] [ext: omni.physx.cooking-107.3.26] startup
[1.505s] [ext: omni.physics.stageupdate-107.3.26] startup
[1.506s] [ext: omni.physx-107.3.26] startup
[1.513s] [ext: omni.index.libs-380600.8087.0] startup
[1.513s] [ext: omni.physics.physx-107.3.26] startup
2026-04-28T09:38:32Z [1,505ms] [Warning] [carb] Acquiring non optional plugin interface which is not listed as dependency: [omni::physx::IPhysxBenchmarks v1.0] (plugin: <default plugin>), by client: omni.physics.physx.plugin. Add it to CARB_PLUGIN_IMPL_DEPS() macro of a client.
[1.515s] [ext: omni.index-1.0.1] startup
[1.515s] [ext: omni.volume-0.5.2] startup
[1.517s] [ext: omni.ujitso.client-0.0.0] startup
[1.518s] [ext: omni.hydra.rtx.shadercache.vulkan-1.0.0] startup
[1.519s] [ext: omni.kit.widget.searchable_combobox-1.0.6] startup
[1.519s] [ext: omni.hydra.rtx-1.0.0] startup
2026-04-28T09:38:32Z [1,525ms] [Warning] [omni.log] Source: omni.hydra was already registered.
[1.546s] [ext: omni.kit.widget.settings-1.2.6] startup
[1.547s] [ext: omni.kit.hydra_texture-1.4.6] startup
[1.550s] [ext: omni.graph.tools-1.79.2] startup
[1.565s] [ext: omni.kit.window.preferences-1.8.0] startup
[1.568s] [ext: omni.kit.widget.material_preview-1.0.16] startup
[1.569s] [ext: omni.graph-1.141.2] startup
[1.599s] [ext: omni.kit.window.material_graph-1.9.1] startup
[1.605s] [ext: omni.isaac.dynamic_control-2.0.7] startup
2026-04-28T09:38:32Z [1,600ms] [Warning] [omni.isaac.dynamic_control] omni.isaac.dynamic_control is deprecated as of Isaac Sim 4.5. No action is needed from end-users.
[1.609s] [ext: isaacsim.storage.native-1.5.1] startup
[1.611s] [ext: omni.graph.scriptnode-1.50.0] startup
[1.612s] [ext: omni.hydra.engine.stats-1.0.3] startup
[1.616s] [ext: omni.kit.viewport.legacy_gizmos-1.0.19] startup
[1.618s] [ext: omni.kit.raycast.query-1.1.0] startup
[1.622s] [ext: omni.graph.action_core-1.1.7] startup
[1.624s] [ext: omni.kit.viewport.scene_camera_model-1.0.6] startup
[1.628s] [ext: omni.graph.image.core-0.6.1] startup
[1.629s] [ext: omni.kit.widget.viewport-107.1.3] startup
[1.636s] [ext: omni.kit.viewport.registry-104.0.6] startup
[1.637s] [ext: omni.usd.metrics.assembler-107.3.1] startup
[1.639s] [ext: omni.kit.viewport.window-107.2.0] startup
[1.652s] [ext: omni.kit.viewport.menubar.core-107.2.1] startup
[1.660s] [ext: omni.graph.image.nodes-1.3.1] startup
[1.661s] [ext: omni.usd.metrics.assembler.physics-107.3.26] startup
[1.662s] [ext: omni.warp.core-1.8.2] startup
[1.793s] [ext: omni.kit.viewport.utility-1.1.2] startup
[1.794s] [ext: omni.physics.tensors-107.3.26] startup
[1.799s] [ext: omni.syntheticdata-0.6.13] startup
[1.815s] [ext: isaacsim.test.docstring-1.1.0] startup
[1.822s] [ext: isaacsim.core.utils-3.5.1] startup
[1.824s] [ext: omni.physx.tensors-107.3.26] startup
[1.829s] [ext: omni.graph.nodes-1.170.10] startup
[1.837s] [ext: omni.graph.action_nodes-1.50.4] startup
[1.840s] [ext: omni.kit.primitive.mesh-1.0.17] startup
[1.853s] [ext: isaacsim.core.simulation_manager-1.4.4] startup
[2.926s] [ext: omni.graph.ui_nodes-1.50.5] startup
[2.930s] [ext: omni.graph.action-1.130.0] startup
[2.931s] [ext: omni.kit.stage_templates-2.0.0] startup
[2.936s] [ext: isaacsim.core.prims-0.6.1] startup
[2.956s] [ext: omni.warp-1.8.2] startup
[2.962s] [ext: omni.videoencoding-0.1.2] startup
[2.964s] [ext: isaacsim.core.api-4.8.0] startup
[2.992s] [ext: isaacsim.core.experimental.utils-0.3.0] startup
[3.013s] [ext: omni.replicator.core-1.12.27] startup
2026-04-28T09:38:33Z [3,026ms] [Warning] [pxr.Semantics] pxr.Semantics is deprecated - please use Semantics instead
2026-04-28T09:38:33Z [3,112ms] [Warning] [omni.graph.core.plugin] Found duplicate of category 'Replicator' - was 'Annotators', adding 'Fabric Reader'
2026-04-28T09:38:33Z [3,112ms] [Warning] [omni.graph.core.plugin] Category 'Replicator' not accepted on node type 'omni.replicator.core.FabricReader' in extension 'omni.replicator.core'
2026-04-28T09:38:33Z [3,112ms] [Warning] [omni.replicator.core.scripts.extension] No material configuration file, adding configuration to material settings directly.
[3.124s] [ext: isaacsim.core.experimental.prims-0.8.1] startup
[3.154s] [ext: omni.kit.window.extensions-1.4.27] startup
[3.163s] [ext: isaacsim.core.experimental.objects-0.4.0] startup
[3.167s] [ext: omni.ui_query-1.1.8] startup
[3.169s] [ext: omni.kit.manipulator.viewport-107.0.1] startup
[3.171s] [ext: isaacsim.robot.surface_gripper-3.3.1] startup
[3.174s] [ext: omni.kit.ui_test-1.3.7] startup
[3.180s] [ext: omni.graph.visualization.nodes-2.1.3] startup
[3.194s] [ext: isaacsim.robot_motion.lula-4.0.8] startup
[3.207s] [ext: isaacsim.core.nodes-3.4.3] startup
[3.216s] [ext: isaacsim.gui.components-1.2.1] startup
[3.231s] [ext: isaacsim.robot_motion.motion_generation-8.0.26] startup
[3.278s] [ext: isaacsim.robot.manipulators-3.3.6] startup
[3.353s] [ext: isaacsim.core.experimental.materials-0.4.0] startup
[3.505s] [ext: isaacsim.robot.manipulators.examples-1.1.2] startup
[3.546s] [ext: isaacsim.cortex.framework-1.0.12] startup
[3.588s] [ext: isaacsim.cortex.behaviors-2.0.14] startup
[3.593s] [ext: omni.isaac.cortex.sample_behaviors-2.0.5] startup
2026-04-28T09:38:34Z [3,585ms] [Warning] [omni.isaac.cortex] omni.isaac.cortex has been deprecated in favor of isaacsim.cortex.framework. Please update your code accordingly.
2026-04-28T09:38:34Z [3,586ms] [Warning] [omni.isaac.cortex.sample_behaviors] omni.isaac.cortex.sample_behaviors has been deprecated in favor of isaacsim.cortex.behaviors. Please update your code accordingly.
[3.596s] [ext: omni.kit.widget.zoombar-1.0.6] startup
[3.603s] [ext: isaacsim.gui.content_browser-0.1.11] startup
[3.612s] [ext: omni.kit.browser.core-2.3.13] startup
[3.622s] [ext: omni.kit.widget.stage_icons-1.0.8] startup
[3.627s] [ext: omni.kit.widget.prompt-1.0.7] startup
[3.629s] [ext: omni.kit.usd.collect-2.4.5] startup
[3.631s] [ext: omni.kit.browser.folder.core-1.10.9] startup
[3.639s] [ext: omni.kit.window.stage-2.6.1] startup
[3.648s] [ext: omni.kit.usdz_export-1.0.9] startup
[3.652s] [ext: omni.kit.tool.collect-2.2.18] startup
[3.655s] [ext: omni.kit.menu.stage-1.2.7] startup
[3.657s] [ext: omni.kit.tool.asset_importer-4.3.2] startup
[3.682s] [ext: isaacsim.robot.wheeled_robots-4.0.24] startup
[3.693s] [ext: isaacsim.examples.browser-0.2.1] startup
[3.698s] [ext: isaacsim.asset.importer.urdf-2.4.30] startup
[3.761s] [ext: omni.isaac.wheeled_robots-3.0.7] startup
2026-04-28T09:38:34Z [3,754ms] [Warning] [omni.isaac.wheeled_robots] omni.isaac.wheeled_robots has been deprecated in favor of isaacsim.robot.wheeled_robots. Please update your code accordingly.
2026-04-28T09:38:34Z [3,754ms] [Warning] [omni.isaac.wheeled_robots.controllers] omni.isaac.wheeled_robots has been deprecated in favor of isaacsim.robot.wheeled_robots. Please update your code accordingly.
2026-04-28T09:38:34Z [3,754ms] [Warning] [omni.isaac.wheeled_robots.controllers.ackermann_controller] omni.isaac.wheeled_robots has been deprecated in favor of isaacsim.robot.wheeled_robots. Please update your code accordingly.
2026-04-28T09:38:34Z [3,754ms] [Warning] [omni.isaac.wheeled_robots.controllers.differential_controller] omni.isaac.wheeled_robots has been deprecated in favor of isaacsim.robot.wheeled_robots. Please update your code accordingly.
2026-04-28T09:38:34Z [3,754ms] [Warning] [omni.isaac.wheeled_robots.controllers.holonomic_controller] omni.isaac.wheeled_robots has been deprecated in favor of isaacsim.robot.wheeled_robots. Please update your code accordingly.
2026-04-28T09:38:34Z [3,755ms] [Warning] [omni.isaac.wheeled_robots.controllers.quintic_path_planner] omni.isaac.wheeled_robots has been deprecated in favor of isaacsim.robot.wheeled_robots. Please update your code accordingly.
2026-04-28T09:38:34Z [3,756ms] [Warning] [omni.isaac.wheeled_robots.controllers.stanley_control] omni.isaac.wheeled_robots has been deprecated in favor of isaacsim.robot.wheeled_robots. Please update your code accordingly.
2026-04-28T09:38:34Z [3,759ms] [Warning] [omni.isaac.wheeled_robots.controllers.wheel_base_pose_controller] omni.isaac.wheeled_robots has been deprecated in favor of isaacsim.robot.wheeled_robots. Please update your code accordingly.
2026-04-28T09:38:34Z [3,760ms] [Warning] [omni.isaac.wheeled_robots.impl] omni.isaac.wheeled_robots has been deprecated in favor of isaacsim.robot.wheeled_robots. Please update your code accordingly.
2026-04-28T09:38:34Z [3,760ms] [Warning] [omni.isaac.wheeled_robots.robots] omni.isaac.wheeled_robots has been deprecated in favor of isaacsim.robot.wheeled_robots. Please update your code accordingly.
2026-04-28T09:38:34Z [3,760ms] [Warning] [omni.isaac.wheeled_robots.robots.holonomic_robot_usd_setup] omni.isaac.wheeled_robots has been deprecated in favor of isaacsim.robot.wheeled_robots. Please update your code accordingly.
2026-04-28T09:38:34Z [3,760ms] [Warning] [omni.isaac.wheeled_robots.robots.wheeled_robot] omni.isaac.wheeled_robots has been deprecated in favor of isaacsim.robot.wheeled_robots. Please update your code accordingly.
[3.769s] [ext: isaacsim.simulation_app-2.12.2] startup
[3.771s] [ext: omni.isaac.franka-1.0.7] startup
2026-04-28T09:38:34Z [3,764ms] [Warning] [omni.isaac.franka] omni.isaac.franka has been deprecated in favor of isaacsim.robot.manipulators.examples.franka. Please update your code accordingly.
2026-04-28T09:38:34Z [3,764ms] [Warning] [omni.isaac.franka.franka] omni.isaac.franka has been deprecated in favor of isaacsim.robot.manipulators.examples.franka. Please update your code accordingly.
2026-04-28T09:38:34Z [3,779ms] [Warning] [omni.isaac.franka.kinematics_solver] omni.isaac.franka has been deprecated in favor of isaacsim.robot.manipulators.examples.franka. Please update your code accordingly.
[3.789s] [ext: omni.isaac.kit-2.0.6] startup
2026-04-28T09:38:34Z [3,781ms] [Warning] [omni.isaac.kit] omni.isaac.kit has been deprecated in favor of isaacsim.simulation_app. Please update your code accordingly.
[3.791s] [ext: omni.kit.selection-0.1.6] startup
[3.792s] [ext: omni.isaac.lula-4.0.6] startup
2026-04-28T09:38:34Z [3,783ms] [Warning] [omni.isaac.lula] omni.isaac.lula has been deprecated in favor of isaacsim.robot_motion.lula. Please update your code accordingly.
[3.793s] [ext: isaacsim.robot_motion.lula_test_widget-1.0.12] startup
[3.794s] [ext: isaacsim.asset.browser-1.3.23] startup
[3.829s] [ext: omni.kit.viewport.actions-107.0.2] startup
[3.832s] [ext: isaacsim.gui.menu-2.4.4] startup
[3.837s] [ext: omni.isaac.manipulators-3.0.7] startup
2026-04-28T09:38:34Z [3,829ms] [Warning] [omni.isaac.manipulators] omni.isaac.manipulators has been deprecated in favor of isaacsim.robot.manipulators. Please update your code accordingly.
2026-04-28T09:38:34Z [3,829ms] [Warning] [omni.isaac.manipulators.controllers] omni.isaac.manipulators has been deprecated in favor of isaacsim.robot.manipulators. Please update your code accordingly.
2026-04-28T09:38:34Z [3,829ms] [Warning] [omni.isaac.manipulators.controllers.pick_place_controller] omni.isaac.manipulators has been deprecated in favor of isaacsim.robot.manipulators. Please update your code accordingly.
2026-04-28T09:38:34Z [3,831ms] [Warning] [omni.isaac.manipulators.controllers.stacking_controller] omni.isaac.manipulators has been deprecated in favor of isaacsim.robot.manipulators. Please update your code accordingly.
2026-04-28T09:38:34Z [3,831ms] [Warning] [omni.isaac.manipulators.grippers] omni.isaac.manipulators has been deprecated in favor of isaacsim.robot.manipulators. Please update your code accordingly.
2026-04-28T09:38:34Z [3,831ms] [Warning] [omni.isaac.manipulators.grippers.gripper] omni.isaac.manipulators has been deprecated in favor of isaacsim.robot.manipulators. Please update your code accordingly.
2026-04-28T09:38:34Z [3,831ms] [Warning] [omni.isaac.manipulators.grippers.parallel_gripper] omni.isaac.manipulators has been deprecated in favor of isaacsim.robot.manipulators. Please update your code accordingly.
2026-04-28T09:38:34Z [3,831ms] [Warning] [omni.isaac.manipulators.grippers.surface_gripper] omni.isaac.manipulators has been deprecated in favor of isaacsim.robot.manipulators. Please update your code accordingly.
2026-04-28T09:38:34Z [3,831ms] [Warning] [omni.isaac.manipulators.manipulators] omni.isaac.manipulators has been deprecated in favor of isaacsim.robot.manipulators. Please update your code accordingly.
2026-04-28T09:38:34Z [3,831ms] [Warning] [omni.isaac.manipulators.manipulators.single_manipulator] omni.isaac.manipulators has been deprecated in favor of isaacsim.robot.manipulators. Please update your code accordingly.
[3.840s] [ext: omni.isaac.lula_test_widget-1.0.6] startup
2026-04-28T09:38:34Z [3,832ms] [Warning] [omni.isaac.lula_test_widget] omni.isaac.lula_test_widget has been deprecated in favor of isaacsim.robot_motion.lula_test_widget. Please update your code accordingly.
[3.842s] [ext: omni.isaac.asset_browser-1.0.6] startup
2026-04-28T09:38:34Z [3,834ms] [Warning] [omni.isaac.asset_browser] omni.isaac.asset_browser has been deprecated in favor of isaacsim.asset.browser. Please update your code accordingly.
[3.844s] [ext: omni.kit.viewport.menubar.display-107.0.3] startup
[3.848s] [ext: omni.isaac.menu-1.0.6] startup
2026-04-28T09:38:34Z [3,839ms] [Warning] [omni.isaac.menu] omni.isaac.menu has been deprecated in favor of isaacsim.gui.menu. Please update your code accordingly.
[3.849s] [ext: omni.isaac.motion_generation-8.0.7] startup
2026-04-28T09:38:34Z [3,841ms] [Warning] [omni.isaac.motion_generation] omni.isaac.motion_generation has been deprecated in favor of isaacsim.robot_motion.motion_generation. Please update your code accordingly.
2026-04-28T09:38:34Z [3,841ms] [Warning] [omni.isaac.motion_generation.articulation_kinematics_solver] omni.isaac.motion_generation has been deprecated in favor of isaacsim.robot_motion.motion_generation. Please update your code accordingly.
2026-04-28T09:38:34Z [3,841ms] [Warning] [omni.isaac.motion_generation.articulation_motion_policy] omni.isaac.motion_generation has been deprecated in favor of isaacsim.robot_motion.motion_generation. Please update your code accordingly.
2026-04-28T09:38:34Z [3,842ms] [Warning] [omni.isaac.motion_generation.articulation_trajectory] omni.isaac.motion_generation has been deprecated in favor of isaacsim.robot_motion.motion_generation. Please update your code accordingly.
2026-04-28T09:38:34Z [3,842ms] [Warning] [omni.isaac.motion_generation.kinematics_interface] omni.isaac.motion_generation has been deprecated in favor of isaacsim.robot_motion.motion_generation. Please update your code accordingly.
2026-04-28T09:38:34Z [3,842ms] [Warning] [omni.isaac.motion_generation.lula] omni.isaac.motion_generation has been deprecated in favor of isaacsim.robot_motion.motion_generation. Please update your code accordingly.
2026-04-28T09:38:34Z [3,842ms] [Warning] [omni.isaac.motion_generation.lula.kinematics] omni.isaac.motion_generation has been deprecated in favor of isaacsim.robot_motion.motion_generation. Please update your code accordingly.
2026-04-28T09:38:34Z [3,842ms] [Warning] [omni.isaac.motion_generation.lula.motion_policies] omni.isaac.motion_generation has been deprecated in favor of isaacsim.robot_motion.motion_generation. Please update your code accordingly.
2026-04-28T09:38:34Z [3,842ms] [Warning] [omni.isaac.motion_generation.lula.path_planners] omni.isaac.motion_generation has been deprecated in favor of isaacsim.robot_motion.motion_generation. Please update your code accordingly.
2026-04-28T09:38:34Z [3,842ms] [Warning] [omni.isaac.motion_generation.lula.trajectory_generator] omni.isaac.motion_generation has been deprecated in favor of isaacsim.robot_motion.motion_generation. Please update your code accordingly.
2026-04-28T09:38:34Z [3,842ms] [Warning] [omni.isaac.motion_generation.motion_policy_controller] omni.isaac.motion_generation has been deprecated in favor of isaacsim.robot_motion.motion_generation. Please update your code accordingly.
2026-04-28T09:38:34Z [3,842ms] [Warning] [omni.isaac.motion_generation.motion_policy_interface] omni.isaac.motion_generation has been deprecated in favor of isaacsim.robot_motion.motion_generation. Please update your code accordingly.
2026-04-28T09:38:34Z [3,842ms] [Warning] [omni.isaac.motion_generation.path_planner_visualizer] omni.isaac.motion_generation has been deprecated in favor of isaacsim.robot_motion.motion_generation. Please update your code accordingly.
2026-04-28T09:38:34Z [3,843ms] [Warning] [omni.isaac.motion_generation.path_planning_interface] omni.isaac.motion_generation has been deprecated in favor of isaacsim.robot_motion.motion_generation. Please update your code accordingly.
2026-04-28T09:38:34Z [3,843ms] [Warning] [omni.isaac.motion_generation.trajectory] omni.isaac.motion_generation has been deprecated in favor of isaacsim.robot_motion.motion_generation. Please update your code accordingly.
2026-04-28T09:38:34Z [3,843ms] [Warning] [omni.isaac.motion_generation.world_interface] omni.isaac.motion_generation has been deprecated in favor of isaacsim.robot_motion.motion_generation. Please update your code accordingly.
[3.852s] [ext: omni.isaac.assets_check-0.3.13] startup
2026-04-28T09:38:34Z [3,844ms] [Warning] [omni.isaac.assets_check] omni.isaac.assets_check has been deprecated in favor of isaacsim.asset.browser. Please update your code accordingly.
[3.853s] [ext: isaacsim.gui.sensors.icon-2.0.3] startup
[3.863s] [ext: isaacsim.asset.importer.mjcf-2.5.13] startup
[3.867s] [ext: omni.sensors.nv.common-3.0.0] startup
[3.874s] [ext: isaacsim.sensors.physics-0.4.3] startup
[3.879s] [ext: omni.sensors.net-1.0.0] startup
[3.881s] [ext: omni.isaac.nucleus-1.0.6] startup
2026-04-28T09:38:34Z [3,872ms] [Warning] [omni.isaac.nucleus] omni.isaac.nucleus has been deprecated in favor of isaacsim.storage.native. Please update your code accordingly.
2026-04-28T09:38:34Z [3,873ms] [Warning] [omni.isaac.nucleus.nucleus] omni.isaac.nucleus.nucleus has been deprecated in favor of isaacsim.storage.native. Please update your code accordingly.
[3.882s] [ext: omni.sensors.nv.materials-2.0.0] startup
[3.886s] [ext: isaacsim.robot.policy.examples-4.1.11] startup
[3.889s] [ext: omni.sensors.nv.wpm-3.0.0] startup
[3.891s] [ext: omni.sensors.nv.lidar-3.0.0] startup
[3.898s] [ext: isaacsim.util.debug_draw-3.1.0] startup
[3.901s] [ext: omni.sensors.nv.radar-3.0.0] startup
[3.903s] [ext: omni.sensors.nv.ids-2.0.0] startup
[3.906s] [ext: isaacsim.core.cloner-1.4.10] startup
[3.908s] [ext: isaacsim.sensors.physx-2.3.2] startup
[3.914s] [ext: isaacsim.sensors.rtx-15.8.4] startup
[3.922s] [ext: isaacsim.sensors.camera-1.3.6] startup
[3.931s] [ext: omni.isaac.quadruped-3.0.7] startup
2026-04-28T09:38:34Z [3,923ms] [Warning] [omni.isaac.quadruped] omni.isaac.quadruped has been deprecated in favor of isaacsim.robot.policy.examples. Please update your code accordingly.
[3.933s] [ext: omni.isaac.cloner-1.0.7] startup
2026-04-28T09:38:34Z [3,926ms] [Warning] [omni.isaac.cloner] omni.isaac.cloner has been deprecated in favor of isaacsim.core.cloner. Please update your code accordingly.
[3.935s] [ext: omni.isaac.range_sensor-4.0.6] startup
2026-04-28T09:38:34Z [3,928ms] [Warning] [omni.isaac.range_sensor] omni.isaac.range_sensor has been deprecated in favor of isaacsim.sensors.physx. Please update your code accordingly.
2026-04-28T09:38:34Z [3,928ms] [Warning] [omni.isaac.range_sensor.commands] omni.isaac.range_sensor.commands has been deprecated in favor of isaacsim.sensors.physx.commands. Please update your code accordingly.
[3.941s] [ext: omni.isaac.sensor-13.0.7] startup
2026-04-28T09:38:34Z [3,933ms] [Warning] [omni.isaac.sensor] omni.isaac.sensor has been deprecated in favor of isaacsim.sensors.camera, isaacsim.sensors.physics, isaacsim.sensors.physx, and isaacsim.sensors.rtx. Please update your code accordingly.
2026-04-28T09:38:34Z [3,934ms] [Warning] [omni.isaac.sensor.camera] omni.isaac.sensor.camera has been deprecated in favor of isaacsim.sensors.camera.camera. Please update your code accordingly.
2026-04-28T09:38:34Z [3,934ms] [Warning] [omni.isaac.sensor.camera_view] omni.isaac.sensor.camera_view has been deprecated in favor of isaacsim.sensors.camera.camera_view. Please update your code accordingly.
2026-04-28T09:38:34Z [3,934ms] [Warning] [omni.isaac.sensor.commands] omni.isaac.sensor.commands has been deprecated in favor of isaacsim.sensors.physics.commands, isaacsim.sensors.physx.commands, and isaacsim.sensors.rtx.commands. Please update your code accordingly.
2026-04-28T09:38:34Z [3,934ms] [Warning] [omni.isaac.sensor.contact_sensor] omni.isaac.sensor.contact_sensor has been deprecated in favor of isaacsim.sensors.physics.contact_sensor. Please update your code accordingly.
2026-04-28T09:38:34Z [3,935ms] [Warning] [omni.isaac.sensor.imu_sensor] omni.isaac.sensor.imu_sensor has been deprecated in favor of isaacsim.sensors.physics.imu_sensor. Please update your code accordingly.
2026-04-28T09:38:34Z [3,935ms] [Warning] [omni.isaac.sensor.lidar_rtx] omni.isaac.sensor.lidar_rtx has been deprecated in favor of isaacsim.sensors.rtx.lidar_rtx. Please update your code accordingly.
2026-04-28T09:38:34Z [3,935ms] [Warning] [omni.isaac.sensor.rotating_lidar_physX] omni.isaac.sensor.imu_sensor has been deprecated in favor of isaacsim.sensors.physix.rotating_lidar_physX. Please update your code accordingly.
2026-04-28T09:38:34Z [3,935ms] [Warning] [omni.isaac.sensor.scripts.samples.contact_sensor] omni.isaac.sensor.scripts.samples.contact_sensor has been deprecated in favor of isaacsim.sensors.physics.scripts.samples.contact_sensor. Please update your code accordingly.
2026-04-28T09:38:34Z [3,935ms] [Warning] [omni.isaac.sensor.scripts.samples.imu_sensor] omni.isaac.sensor.scripts.samples.imu_sensor has been deprecated in favor of isaacsim.sensors.physics.scripts.samples.imu_sensor. Please update your code accordingly.
2026-04-28T09:38:34Z [3,935ms] [Warning] [omni.isaac.sensor.scripts.samples.lightbeam_sensor] omni.isaac.sensor.scripts.samples.lightbeam_sensor has been deprecated in favor of isaacsim.sensors.physx.scripts.samples.lightbeam_sensor. Please update your code accordingly.
[3.945s] [ext: omni.kit.menu.create-2.0.1] startup
[3.947s] [ext: omni.kit.widget.toolbar-2.0.1] startup
[3.962s] [ext: omni.kit.manipulator.transform-107.0.0] startup
[3.966s] [ext: omni.isaac.core-4.0.7] startup
2026-04-28T09:38:34Z [3,957ms] [Warning] [omni.isaac.core.physics_context.physics_context] omni.isaac.core.physics_context.physics_context has been deprecated in favor of isaacsim.core.api.physics_context.physics_context. Please update your code accordingly.
2026-04-28T09:38:34Z [3,957ms] [Warning] [omni.isaac.core.simulation_context.simulation_context] omni.isaac.core.simulation_context.simulation_context has been deprecated in favor of isaacsim.core.api.simulation_context.simulation_context. Please update your code accordingly.
2026-04-28T09:38:34Z [3,957ms] [Warning] [omni.isaac.core.world.world] omni.isaac.core.world.world has been deprecated in favor of isaacsim.core.api.world.world. Please update your code accordingly.
2026-04-28T09:38:34Z [3,957ms] [Warning] [omni.isaac.core] omni.isaac.core has been deprecated in favor of isaacsim.core.api. Please update your code accordingly.
[3.967s] [ext: omni.kit.scripting-107.3.2] startup
[3.971s] [ext: omni.kit.manipulator.tool.snap-1.5.13] startup
[3.975s] [ext: omni.kit.manipulator.selector-1.1.3] startup
[3.977s] [ext: isaacsim.app.about-2.0.11] startup
[3.983s] [ext: isaacsim.replicator.behavior-1.1.16] startup
[3.984s] [ext: omni.kit.viewport.manipulator.transform-107.0.4] startup
[3.987s] [ext: omni.isaac.window.about-2.0.7] startup
2026-04-28T09:38:34Z [3,979ms] [Warning] [omni.isaac.window.about] omni.isaac.window.about has been deprecated in favor of isaacsim.app.about. Please update your code accordingly.
2026-04-28T09:38:34Z [3,979ms] [Warning] [omni.isaac.window.about.about] omni.isaac.window.about.about has been deprecated in favor of isaacsim.app.about.about. Please update your code accordingly.
[3.989s] [ext: omni.fabric.commands-1.1.6] startup
[3.992s] [ext: omni.kit.manipulator.prim.core-107.0.8] startup
[3.997s] [ext: omni.kit.property.audio-1.0.16] startup
[3.999s] [ext: omni.kit.property.camera-1.0.10] startup
[4.000s] [ext: omni.kit.property.geometry-2.0.4] startup
[4.003s] [ext: omni.hydra.scene_api-0.1.2] startup
[4.007s] [ext: omni.kit.property.light-1.0.12] startup
[4.022s] [ext: omni.kit.manipulator.prim.fabric-107.0.4] startup
[4.024s] [ext: omni.kit.manipulator.prim.usd-107.0.3] startup
[4.025s] [ext: omni.kit.property.material-1.11.9] startup
[4.030s] [ext: omni.kit.property.render-1.2.1] startup
[4.031s] [ext: omni.kit.property.transform-1.5.13] startup
[4.034s] [ext: isaacsim.gui.property-1.1.3] startup
[4.036s] [ext: omni.kit.manipulator.camera-106.0.4] startup
[4.039s] [ext: omni.kit.manipulator.prim-107.0.0] startup
[4.039s] [ext: omni.isaac.surface_gripper-2.0.6] startup
2026-04-28T09:38:34Z [4,030ms] [Warning] [omni.isaac.surface_gripper] omni.isaac.surface_gripper has been deprecated in favor of isaacsim.robot.surface_gripper. Please update your code accordingly.
[4.040s] [ext: omni.kit.manipulator.selection-106.0.1] startup
[4.043s] [ext: omni.kit.property.bundle-1.4.1] startup
[4.044s] [ext: omni.kit.property.isaac-1.0.6] startup
2026-04-28T09:38:34Z [4,035ms] [Warning] [omni.kit.property.isaac] omni.kit.property.isaac has been deprecated in favor of isaacsim.gui.property. Please update your code accordingly.
2026-04-28T09:38:34Z [4,035ms] [Warning] [omni.kit.property.isaac.widgets] omni.kit.property.isaac.widgets has been deprecated in favor of isaacsim.gui.property.widgets. Please update your code accordingly.
[4.044s] [ext: omni.isaac.universal_robots-1.0.6] startup
2026-04-28T09:38:34Z [4,036ms] [Warning] [omni.isaac.universal_robots] omni.isaac.universal_robots has been deprecated in favor of isaacsim.robot.manipulators.examples.universal_robots. Please update your code accordingly.
2026-04-28T09:38:34Z [4,036ms] [Warning] [omni.isaac.universal_robots.kinematics_solver] omni.isaac.franka has been deprecated in favor of isaacsim.robot.manipulators.examples.universal_robots. Please update your code accordingly.
2026-04-28T09:38:34Z [4,036ms] [Warning] [omni.isaac.universal_robots.ur10] omni.isaac.franka has been deprecated in favor of isaacsim.robot.manipulators.examples.universal_robots. Please update your code accordingly.
[4.046s] [ext: omni.isaac.core_nodes-2.0.6] startup
2026-04-28T09:38:34Z [4,039ms] [Warning] [omni.isaac.core_nodes] omni.isaac.core_nodes has been deprecated in favor of isaacsim.core.nodes. Please update your code accordingly.
[4.048s] [ext: omni.kit.viewport.menubar.camera-107.0.6] startup
[4.056s] [ext: omni.kit.viewport.menubar.lighting-107.3.1] startup
[4.061s] [ext: isaacsim.replicator.writers-1.0.17] startup
[4.071s] [ext: omni.kit.viewport.menubar.render-107.0.10] startup
[4.076s] [ext: omni.kit.viewport.menubar.settings-107.0.3] startup
[4.083s] [ext: omni.kit.window.console-1.1.4] startup
[4.087s] [ext: isaacsim.replicator.domain_randomization-1.0.16] startup
[4.089s] [ext: isaacsim.replicator.examples-1.3.6] startup
[4.091s] [ext: omni.ocio-0.1.1] startup
[4.094s] [ext: omni.rtx.window.settings-0.6.19] startup
[4.101s] [ext: omni.kit.window.status_bar-0.1.9] startup
[4.105s] [ext: omni.kit.window.toolbar-2.0.0] startup
[4.113s] [ext: omni.replicator.isaac-2.0.8] startup
2026-04-28T09:38:34Z [4,105ms] [Warning] [omni.replicator.isaac] omni.replicator.isaac has been deprecated in favor of isaacsim.replicator.domain_randomization, isaacsim.replicator.examples, isaacsim.replicator.writers. Please update your code accordingly.
[4.115s] [ext: omni.replicator.replicator_yaml-2.0.11] startup
[4.131s] [ext: omni.rtx.settings.core-0.6.5] startup
[4.136s] [ext: omni.usd.metrics.assembler.ui-107.3.1] startup
[4.145s] [ext: omni.isaac.utils-2.0.6] startup
[4.146s] [ext: semantics.schema.editor-2.0.2] startup
[4.151s] [ext: omni.kit.ui.actions-1.0.5] startup
[4.152s] [ext: semantics.schema.property-2.0.1] startup
[4.154s] [ext: omni.isaac.version-2.0.7] startup
2026-04-28T09:38:34Z [4,145ms] [Warning] [omni.isaac.version] omni.isaac.version has been deprecated in favor of isaacsim.core.version. Please update your code accordingly.
[4.155s] [ext: omni.isaac.cortex-1.0.5] startup
[4.156s] [ext: omni.anim.curve.core-1.3.1] startup
[4.164s] [ext: isaacsim.core.throttling-2.2.2] startup
[4.165s] [ext: omni.kit.menu.common-2.0.1] startup
[4.167s] [ext: isaacsim.exp.base-5.1.0] startup
[4.169s] [ext: isaacsim.exp.base.python-5.1.0] startup
[4.170s] Simulation App Starting
2026-04-28T09:38:34Z [4,369ms] [Warning] [omni.fabric.plugin] Warning: attribute viewportHandle not found for bucket id 9

2026-04-28T09:38:34Z [4,396ms] [Warning] [usdrt.population.plugin] [UsdNoticeHandler] Unhandled attribute type VtArray<std::string> (prim attribute: omni:rtx:material:db:flattener:ior_constant)
2026-04-28T09:38:34Z [4,396ms] [Warning] [usdrt.population.plugin] [UsdNoticeHandler] Unhandled attribute type VtArray<std::string> (prim attribute: omni:rtx:material:db:flattener:reflection_roughness_constant)
2026-04-28T09:38:34Z [4,396ms] [Warning] [usdrt.population.plugin] [UsdNoticeHandler] Unhandled attribute type VtArray<std::string> (prim attribute: omni:rtx:material:db:flattener:transmittance_color)
[4.469s] app ready
2026-04-28T09:38:37Z [6,511ms] [Warning] [rtx.postprocessing.plugin] DLSS increasing input dimensions: Render resolution of (320, 240) is below minimal input resolution of 300.
[6.695s] Simulation App Startup Complete
2026-04-28T09:38:37Z [6,909ms] [Warning] [omni.fabric.plugin] getAttributeCount called on non-existent path /World/RobotRight/orcahand_right_flattened_v1b/world/visuals/right_visual_tower_text_mesh
2026-04-28T09:38:37Z [6,909ms] [Warning] [omni.fabric.plugin] getTypes called on non-existent path /World/RobotRight/orcahand_right_flattened_v1b/world/visuals/right_visual_tower_text_mesh
2026-04-28T09:38:41Z [10,737ms] [Warning] [carb] Client gpu.foundation.plugin has acquired [gpu::unstable::IMemoryBudgetManagerFactory v0.1] 100 times. Consider accessing this interface with carb::getCachedInterface() (Performance warning)
[425.108s] Simulation App Shutting Down
[run_all] (fallback rename) outputs/20250804_104715_overlay_a0.50_qpos_duck_vda.mp4 -> experiments/hand_offset/outputs/v0_baseline.mp4

============================================================
[run_all] v1_no_refine
============================================================
[Info] [carb] Logging to file: /home/shinben0327/miniconda3/envs/3dv/lib/python3.11/site-packages/isaacsim/kit/logs/Kit/Isaac-Sim Python/5.1/kit_20260428_114537.log
2026-04-28T09:45:37Z [1ms] [Warning] [carb.crashreporter-breakpad.plugin] [previous crash] preventing upload of minidump due to user opt-out: '/home/shinben0327/miniconda3/envs/3dv/lib/python3.11/site-packages/isaacsim/kit/data/Kit/Isaac-Sim Python/5.1/eff7d5d5-1367-40aa-750f2da2-5077d85b.dmp'
2026-04-28T09:45:37Z [1ms] [Warning] [carb.crashreporter-breakpad.plugin] [previous crash] preventing upload of minidump due to user opt-out: '/home/shinben0327/miniconda3/envs/3dv/lib/python3.11/site-packages/isaacsim/kit/data/Kit/Isaac-Sim Python/5.1/78516c7e-9a77-435e-ea4991b8-4568510e.dmp'
[0.044s] [ext: omni.kit.async_engine-0.0.3] startup
[0.111s] [ext: omni.metrics.core-0.0.3] startup
[0.111s] [ext: omni.client.lib-1.1.0] startup
[0.126s] [ext: omni.blobkey-1.1.2] startup
[0.126s] [ext: omni.stats-1.0.1] startup
[0.127s] [ext: omni.datastore-0.0.0] startup
[0.131s] [ext: omni.client-1.3.0] startup
[0.185s] [ext: omni.ujitso.default-1.0.0] startup
[0.186s] [ext: omni.hsscclient-1.1.2] startup
[0.189s] [ext: omni.gpu_foundation.shadercache.vulkan-1.0.0] startup
[0.192s] [ext: omni.assets.plugins-0.0.0] startup
[0.193s] [ext: omni.gpu_foundation-0.0.0] startup
[0.198s] [ext: carb.windowing.plugins-1.0.0] startup
[0.211s] [ext: omni.kit.renderer.init-0.0.0] startup

|---------------------------------------------------------------------------------------------|
| Driver Version: 580.126.09    | Graphics API: Vulkan
|=============================================================================================|
| GPU | Name                             | Active | LDA | GPU Memory | Vendor-ID | LUID       |
|     |                                  |        |     |            | Device-ID | UUID       |
|     |                                  |        |     |            | Bus-ID    |            |
|---------------------------------------------------------------------------------------------|
| 0   | NVIDIA GeForce RTX 4060 Laptop.. | Yes: 0 |     | 8188    MB | 10de      | 0          |
|     |                                  |        |     |            | 28e0      | 67d90d8d.. |
|     |                                  |        |     |            | 1         |            |
|=============================================================================================|
| OS: 24.04.4 LTS (Noble Numbat) ubuntu, Version: 24.04.4, Kernel: 6.17.0-22-generic
| XServer Vendor: The X.Org Foundation, XServer Version: 12101011 (1.21.1.11)
| Processor: 13th Gen Intel(R) Core(TM) i7-13700H
| Bare Metal Cores: 14 | Bare Metal Logical Cores: 28
| Available Cores:  20 
|---------------------------------------------------------------------------------------------|
| Total Memory (MB): 31887 | Free Memory: 16756
| Total Page/Swap (MB): 8191 | Free Page/Swap: 4448
|---------------------------------------------------------------------------------------------|
2026-04-28T09:45:37Z [732ms] [Warning] [gpu.foundation.plugin] CPU performance profile is set to powersave. This profile sets the CPU to the lowest frequency reducing performance.
[0.864s] [ext: omni.materialx.libs-1.0.7] startup
[0.869s] [ext: omni.kit.telemetry-0.5.2] startup
[0.884s] [ext: omni.usd.config-1.0.6] startup
[0.887s] [ext: omni.gpucompute.plugins-0.0.0] startup
[0.888s] [ext: omni.usd.libs-1.0.1] startup
[0.956s] [ext: omni.kit.loop-isaac-1.3.7] startup
[0.957s] [ext: omni.kit.test-2.0.1] startup
[0.991s] [ext: omni.mdl-56.0.3] startup
[1.005s] [ext: omni.iray.libs-0.0.0] startup
[1.010s] [ext: omni.mdl.neuraylib-0.2.12] startup
[1.011s] [ext: omni.kit.usd.mdl-1.1.5] startup
[1.077s] [ext: omni.kit.pipapi-0.0.0] startup
[1.078s] [ext: omni.appwindow-1.1.10] startup
[1.082s] [ext: omni.kit.renderer.core-1.1.0] startup
[1.172s] [ext: omni.kit.renderer.capture-0.0.0] startup
[1.173s] [ext: omni.kit.renderer.imgui-2.0.5] startup
[1.271s] [ext: omni.ui-2.27.1] startup
[1.280s] [ext: omni.kit.mainwindow-1.0.3] startup
[1.281s] [ext: carb.audio-0.1.0] startup
[1.284s] [ext: omni.uiaudio-1.0.0] startup
[1.284s] [ext: omni.kit.uiapp-0.0.0] startup
[1.284s] [ext: omni.usd.schema.metrics.assembler-107.3.1] startup
[1.286s] [ext: omni.usd.schema.physx-107.3.26] startup
[1.309s] [ext: omni.usd.schema.geospatial-0.0.0] startup
[1.311s] [ext: omni.usd.schema.audio-0.0.0] startup
[1.313s] [ext: omni.usd.schema.anim-0.0.0] startup
[1.328s] [ext: omni.usd.schema.flow-107.1.1] startup
[1.328s] [ext: omni.usd_resolver-1.0.0] startup
[1.332s] [ext: omni.usd.core-1.5.3] startup
[1.334s] [ext: omni.usd.schema.omni_sensors-0.0.0] startup
[1.354s] [ext: omni.usd.schema.semantics-0.0.0] startup
[1.356s] [ext: omni.usd.schema.omniscripting-1.0.0] startup
[1.359s] [ext: omni.usd.schema.omni_lens_distortion-0.0.0] startup
[1.360s] [ext: omni.usd.schema.omnigraph-1.0.0] startup
[1.364s] [ext: omni.kit.window.popup_dialog-2.0.24] startup
[1.367s] [ext: omni.graph.exec-0.9.6] startup
[1.367s] [ext: omni.kit.widget.nucleus_connector-2.0.1] startup
[1.368s] [ext: omni.kit.usd_undo-0.1.8] startup
[1.368s] [ext: omni.kit.exec.core-0.13.4] startup
[1.369s] [ext: omni.kit.actions.core-1.0.0] startup
[1.371s] [ext: omni.resourcemonitor-107.0.1] startup
[1.372s] [ext: omni.activity.core-1.0.3] startup
[1.373s] [ext: omni.timeline-1.0.14] startup
[1.375s] [ext: omni.kit.commands-1.4.10] startup
[1.377s] [ext: usdrt.scenegraph-7.6.1] startup
[1.402s] [ext: omni.kit.audiodeviceenum-1.0.2] startup
[1.403s] [ext: omni.hydra.usdrt_delegate-7.5.1] startup
[1.408s] [ext: omni.hydra.scene_delegate-0.3.4] startup
[1.412s] [ext: omni.usd-1.13.10] startup
[1.429s] [ext: omni.inspect-1.0.2] startup
[1.430s] [ext: omni.kit.notification_manager-1.0.10] startup
[1.431s] [ext: omni.graph.core-2.184.5] startup
[1.433s] [ext: isaacsim.core.deprecation_manager-0.2.7] startup
[1.433s] [ext: omni.anim.graph.schema-107.3.3] startup
[1.438s] [ext: omni.usd.schema.isaac-3.0.5] startup
[1.438s] [ext: omni.anim.navigation.schema-107.3.3] startup
[1.440s] [ext: omni.kit.asset_converter-5.0.17] startup
[1.448s] [ext: isaacsim.robot.schema-3.6.0] startup
[1.454s] [ext: omni.usd.schema.render_settings.rtx-0.0.0] startup
[1.454s] [ext: omni.kit.menu.core-1.1.2] startup
[1.455s] [ext: omni.kit.widget.path_field-2.0.11] startup
[1.455s] [ext: omni.kit.widget.context_menu-1.2.5] startup
[1.456s] [ext: omni.kit.widget.browser_bar-2.0.10] startup
[1.456s] [ext: omni.kit.clipboard-1.0.5] startup
[1.457s] [ext: omni.kit.numpy.common-0.1.3] startup
[1.458s] [ext: omni.kit.widget.options_menu-1.1.6] startup
[1.460s] [ext: omni.kit.helper.file_utils-0.1.9] startup
[1.461s] [ext: omni.ui.scene-1.11.5] startup
[1.463s] [ext: omni.kit.widget.options_button-1.0.3] startup
[1.464s] [ext: omni.kit.widget.filebrowser-2.12.3] startup
[1.467s] [ext: omni.kit.usd.layers-2.2.11] startup
[1.472s] [ext: omni.kit.window.filepicker-2.13.4] startup
[1.481s] [ext: omni.kit.hotkeys.core-1.3.10] startup
[1.483s] [ext: omni.kit.context_menu-1.8.6] startup
[1.484s] [ext: omni.kit.property.adapter.core-1.0.2] startup
[1.485s] [ext: omni.kit.window.file_exporter-1.0.33] startup
[1.487s] [ext: omni.kit.widget.searchfield-1.1.8] startup
[1.487s] [ext: omni.kit.widget.filter-1.1.4] startup
[1.488s] [ext: omni.kit.widget.graph-2.0.0] startup
[1.491s] [ext: omni.kit.widget.stage-3.1.4] startup
[1.498s] [ext: omni.kit.property.adapter.usd-1.0.2] startup
[1.499s] [ext: omni.kit.property.adapter.fabric-1.0.3] startup
[1.499s] [ext: omni.kit.graph.delegate.default-1.2.3] startup
[1.500s] [ext: omni.kit.window.file_importer-1.1.18] startup
[1.500s] [ext: omni.kit.stage_template.core-1.1.22] startup
[1.500s] [ext: omni.kit.menu.utils-2.0.5] startup
[1.503s] [ext: omni.kit.window.file-2.0.5] startup
[1.505s] [ext: omni.kit.widget.highlight_label-1.0.3] startup
[1.505s] [ext: omni.kit.window.drop_support-1.0.5] startup
[1.506s] [ext: omni.kit.window.content_browser_registry-0.0.6] startup
[1.506s] [ext: omni.kit.window.property-1.12.1] startup
[1.508s] [ext: omni.kit.window.content_browser-3.1.3] startup
[1.515s] [ext: isaacsim.core.version-2.0.6] startup
[1.515s] [ext: omni.kit.property.usd-4.5.12] startup
[1.522s] [ext: omni.kit.graph.editor.core-1.5.3] startup
[1.523s] [ext: omni.kit.material.library-2.0.7] startup
[1.526s] [ext: omni.kit.graph.usd.commands-1.3.1] startup
[1.526s] [ext: omni.kvdb-107.3.26] startup
[1.527s] [ext: omni.usdphysics-107.3.26] startup
[1.529s] [ext: omni.physx.foundation-107.3.26] startup
[1.530s] [ext: omni.localcache-107.3.26] startup
[1.531s] [ext: omni.convexdecomposition-107.3.26] startup
[1.533s] [ext: omni.physics-107.3.26] startup
[1.535s] [ext: omni.physx.cooking-107.3.26] startup
[1.537s] [ext: omni.physics.stageupdate-107.3.26] startup
[1.538s] [ext: omni.physx-107.3.26] startup
[1.545s] [ext: omni.index.libs-380600.8087.0] startup
[1.545s] [ext: omni.physics.physx-107.3.26] startup
2026-04-28T09:45:38Z [1,532ms] [Warning] [carb] Acquiring non optional plugin interface which is not listed as dependency: [omni::physx::IPhysxBenchmarks v1.0] (plugin: <default plugin>), by client: omni.physics.physx.plugin. Add it to CARB_PLUGIN_IMPL_DEPS() macro of a client.
[1.546s] [ext: omni.index-1.0.1] startup
[1.546s] [ext: omni.volume-0.5.2] startup
[1.548s] [ext: omni.ujitso.client-0.0.0] startup
[1.548s] [ext: omni.hydra.rtx.shadercache.vulkan-1.0.0] startup
[1.549s] [ext: omni.kit.widget.searchable_combobox-1.0.6] startup
[1.550s] [ext: omni.hydra.rtx-1.0.0] startup
2026-04-28T09:45:38Z [1,549ms] [Warning] [omni.log] Source: omni.hydra was already registered.
[1.574s] [ext: omni.kit.widget.settings-1.2.6] startup
[1.575s] [ext: omni.kit.hydra_texture-1.4.6] startup
[1.578s] [ext: omni.graph.tools-1.79.2] startup
[1.592s] [ext: omni.kit.window.preferences-1.8.0] startup
[1.595s] [ext: omni.kit.widget.material_preview-1.0.16] startup
[1.596s] [ext: omni.graph-1.141.2] startup
[1.623s] [ext: omni.kit.window.material_graph-1.9.1] startup
[1.629s] [ext: omni.isaac.dynamic_control-2.0.7] startup
2026-04-28T09:45:38Z [1,619ms] [Warning] [omni.isaac.dynamic_control] omni.isaac.dynamic_control is deprecated as of Isaac Sim 4.5. No action is needed from end-users.
[1.633s] [ext: isaacsim.storage.native-1.5.1] startup
[1.636s] [ext: omni.graph.scriptnode-1.50.0] startup
[1.637s] [ext: omni.hydra.engine.stats-1.0.3] startup
[1.641s] [ext: omni.kit.viewport.legacy_gizmos-1.0.19] startup
[1.643s] [ext: omni.kit.raycast.query-1.1.0] startup
[1.648s] [ext: omni.graph.action_core-1.1.7] startup
[1.649s] [ext: omni.kit.viewport.scene_camera_model-1.0.6] startup
[1.653s] [ext: omni.graph.image.core-0.6.1] startup
[1.654s] [ext: omni.kit.widget.viewport-107.1.3] startup
[1.660s] [ext: omni.kit.viewport.registry-104.0.6] startup
[1.663s] [ext: omni.usd.metrics.assembler-107.3.1] startup
[1.666s] [ext: omni.kit.viewport.window-107.2.0] startup
[1.678s] [ext: omni.kit.viewport.menubar.core-107.2.1] startup
[1.687s] [ext: omni.graph.image.nodes-1.3.1] startup
[1.687s] [ext: omni.usd.metrics.assembler.physics-107.3.26] startup
[1.689s] [ext: omni.warp.core-1.8.2] startup
[1.824s] [ext: omni.kit.viewport.utility-1.1.2] startup
[1.825s] [ext: omni.physics.tensors-107.3.26] startup
[1.830s] [ext: omni.syntheticdata-0.6.13] startup
[1.847s] [ext: isaacsim.test.docstring-1.1.0] startup
[1.851s] [ext: isaacsim.core.utils-3.5.1] startup
[1.855s] [ext: omni.physx.tensors-107.3.26] startup
[1.860s] [ext: omni.graph.nodes-1.170.10] startup
[1.869s] [ext: omni.graph.action_nodes-1.50.4] startup
[1.872s] [ext: omni.kit.primitive.mesh-1.0.17] startup
[1.878s] [ext: isaacsim.core.simulation_manager-1.4.4] startup
[2.941s] [ext: omni.graph.ui_nodes-1.50.5] startup
[2.944s] [ext: omni.graph.action-1.130.0] startup
[2.945s] [ext: omni.kit.stage_templates-2.0.0] startup
[2.949s] [ext: isaacsim.core.prims-0.6.1] startup
[2.969s] [ext: omni.warp-1.8.2] startup
[2.975s] [ext: omni.videoencoding-0.1.2] startup
[2.978s] [ext: isaacsim.core.api-4.8.0] startup
[2.988s] [ext: isaacsim.core.experimental.utils-0.3.0] startup
[2.992s] [ext: omni.replicator.core-1.12.27] startup
2026-04-28T09:45:40Z [2,990ms] [Warning] [pxr.Semantics] pxr.Semantics is deprecated - please use Semantics instead
2026-04-28T09:45:40Z [3,099ms] [Warning] [omni.graph.core.plugin] Found duplicate of category 'Replicator' - was 'Annotators', adding 'Fabric Reader'
2026-04-28T09:45:40Z [3,099ms] [Warning] [omni.graph.core.plugin] Category 'Replicator' not accepted on node type 'omni.replicator.core.FabricReader' in extension 'omni.replicator.core'
2026-04-28T09:45:40Z [3,100ms] [Warning] [omni.replicator.core.scripts.extension] No material configuration file, adding configuration to material settings directly.
[3.115s] [ext: isaacsim.core.experimental.prims-0.8.1] startup
[3.146s] [ext: omni.kit.window.extensions-1.4.27] startup
[3.154s] [ext: isaacsim.core.experimental.objects-0.4.0] startup
[3.158s] [ext: omni.ui_query-1.1.8] startup
[3.160s] [ext: omni.kit.manipulator.viewport-107.0.1] startup
[3.161s] [ext: isaacsim.robot.surface_gripper-3.3.1] startup
[3.165s] [ext: omni.kit.ui_test-1.3.7] startup
[3.168s] [ext: omni.graph.visualization.nodes-2.1.3] startup
[3.175s] [ext: isaacsim.robot_motion.lula-4.0.8] startup
[3.183s] [ext: isaacsim.core.nodes-3.4.3] startup
[3.196s] [ext: isaacsim.gui.components-1.2.1] startup
[3.207s] [ext: isaacsim.robot_motion.motion_generation-8.0.26] startup
[3.226s] [ext: isaacsim.robot.manipulators-3.3.6] startup
[3.259s] [ext: isaacsim.core.experimental.materials-0.4.0] startup
[3.335s] [ext: isaacsim.robot.manipulators.examples-1.1.2] startup
[3.343s] [ext: isaacsim.cortex.framework-1.0.12] startup
[3.356s] [ext: isaacsim.cortex.behaviors-2.0.14] startup
[3.385s] [ext: omni.isaac.cortex.sample_behaviors-2.0.5] startup
2026-04-28T09:45:40Z [3,377ms] [Warning] [omni.isaac.cortex] omni.isaac.cortex has been deprecated in favor of isaacsim.cortex.framework. Please update your code accordingly.
2026-04-28T09:45:40Z [3,398ms] [Warning] [omni.isaac.cortex.sample_behaviors] omni.isaac.cortex.sample_behaviors has been deprecated in favor of isaacsim.cortex.behaviors. Please update your code accordingly.
[3.419s] [ext: omni.kit.widget.zoombar-1.0.6] startup
[3.445s] [ext: isaacsim.gui.content_browser-0.1.11] startup
[3.583s] [ext: omni.kit.browser.core-2.3.13] startup
[3.596s] [ext: omni.kit.widget.stage_icons-1.0.8] startup
[3.598s] [ext: omni.kit.widget.prompt-1.0.7] startup
[3.600s] [ext: omni.kit.usd.collect-2.4.5] startup
[3.604s] [ext: omni.kit.browser.folder.core-1.10.9] startup
[3.610s] [ext: omni.kit.window.stage-2.6.1] startup
[3.623s] [ext: omni.kit.usdz_export-1.0.9] startup
[3.626s] [ext: omni.kit.tool.collect-2.2.18] startup
[3.629s] [ext: omni.kit.menu.stage-1.2.7] startup
[3.633s] [ext: omni.kit.tool.asset_importer-4.3.2] startup
[3.640s] [ext: isaacsim.robot.wheeled_robots-4.0.24] startup
[3.652s] [ext: isaacsim.examples.browser-0.2.1] startup
[3.659s] [ext: isaacsim.asset.importer.urdf-2.4.30] startup
[3.727s] [ext: omni.isaac.wheeled_robots-3.0.7] startup
2026-04-28T09:45:40Z [3,715ms] [Warning] [omni.isaac.wheeled_robots] omni.isaac.wheeled_robots has been deprecated in favor of isaacsim.robot.wheeled_robots. Please update your code accordingly.
2026-04-28T09:45:40Z [3,716ms] [Warning] [omni.isaac.wheeled_robots.controllers] omni.isaac.wheeled_robots has been deprecated in favor of isaacsim.robot.wheeled_robots. Please update your code accordingly.
2026-04-28T09:45:40Z [3,716ms] [Warning] [omni.isaac.wheeled_robots.controllers.ackermann_controller] omni.isaac.wheeled_robots has been deprecated in favor of isaacsim.robot.wheeled_robots. Please update your code accordingly.
2026-04-28T09:45:40Z [3,716ms] [Warning] [omni.isaac.wheeled_robots.controllers.differential_controller] omni.isaac.wheeled_robots has been deprecated in favor of isaacsim.robot.wheeled_robots. Please update your code accordingly.
2026-04-28T09:45:40Z [3,716ms] [Warning] [omni.isaac.wheeled_robots.controllers.holonomic_controller] omni.isaac.wheeled_robots has been deprecated in favor of isaacsim.robot.wheeled_robots. Please update your code accordingly.
2026-04-28T09:45:40Z [3,716ms] [Warning] [omni.isaac.wheeled_robots.controllers.quintic_path_planner] omni.isaac.wheeled_robots has been deprecated in favor of isaacsim.robot.wheeled_robots. Please update your code accordingly.
2026-04-28T09:45:40Z [3,716ms] [Warning] [omni.isaac.wheeled_robots.controllers.stanley_control] omni.isaac.wheeled_robots has been deprecated in favor of isaacsim.robot.wheeled_robots. Please update your code accordingly.
2026-04-28T09:45:40Z [3,716ms] [Warning] [omni.isaac.wheeled_robots.controllers.wheel_base_pose_controller] omni.isaac.wheeled_robots has been deprecated in favor of isaacsim.robot.wheeled_robots. Please update your code accordingly.
2026-04-28T09:45:40Z [3,716ms] [Warning] [omni.isaac.wheeled_robots.impl] omni.isaac.wheeled_robots has been deprecated in favor of isaacsim.robot.wheeled_robots. Please update your code accordingly.
2026-04-28T09:45:40Z [3,716ms] [Warning] [omni.isaac.wheeled_robots.robots] omni.isaac.wheeled_robots has been deprecated in favor of isaacsim.robot.wheeled_robots. Please update your code accordingly.
2026-04-28T09:45:40Z [3,716ms] [Warning] [omni.isaac.wheeled_robots.robots.holonomic_robot_usd_setup] omni.isaac.wheeled_robots has been deprecated in favor of isaacsim.robot.wheeled_robots. Please update your code accordingly.
2026-04-28T09:45:40Z [3,716ms] [Warning] [omni.isaac.wheeled_robots.robots.wheeled_robot] omni.isaac.wheeled_robots has been deprecated in favor of isaacsim.robot.wheeled_robots. Please update your code accordingly.
[3.730s] [ext: isaacsim.simulation_app-2.12.2] startup
[3.732s] [ext: omni.isaac.franka-1.0.7] startup
2026-04-28T09:45:40Z [3,719ms] [Warning] [omni.isaac.franka] omni.isaac.franka has been deprecated in favor of isaacsim.robot.manipulators.examples.franka. Please update your code accordingly.
2026-04-28T09:45:40Z [3,720ms] [Warning] [omni.isaac.franka.franka] omni.isaac.franka has been deprecated in favor of isaacsim.robot.manipulators.examples.franka. Please update your code accordingly.
2026-04-28T09:45:40Z [3,733ms] [Warning] [omni.isaac.franka.kinematics_solver] omni.isaac.franka has been deprecated in favor of isaacsim.robot.manipulators.examples.franka. Please update your code accordingly.
[3.746s] [ext: omni.isaac.kit-2.0.6] startup
2026-04-28T09:45:40Z [3,735ms] [Warning] [omni.isaac.kit] omni.isaac.kit has been deprecated in favor of isaacsim.simulation_app. Please update your code accordingly.
[3.749s] [ext: omni.kit.selection-0.1.6] startup
[3.750s] [ext: omni.isaac.lula-4.0.6] startup
2026-04-28T09:45:40Z [3,738ms] [Warning] [omni.isaac.lula] omni.isaac.lula has been deprecated in favor of isaacsim.robot_motion.lula. Please update your code accordingly.
[3.751s] [ext: isaacsim.robot_motion.lula_test_widget-1.0.12] startup
[3.756s] [ext: isaacsim.asset.browser-1.3.23] startup
[3.797s] [ext: omni.kit.viewport.actions-107.0.2] startup
[3.800s] [ext: isaacsim.gui.menu-2.4.4] startup
[3.804s] [ext: omni.isaac.manipulators-3.0.7] startup
2026-04-28T09:45:41Z [3,793ms] [Warning] [omni.isaac.manipulators] omni.isaac.manipulators has been deprecated in favor of isaacsim.robot.manipulators. Please update your code accordingly.
2026-04-28T09:45:41Z [3,793ms] [Warning] [omni.isaac.manipulators.controllers] omni.isaac.manipulators has been deprecated in favor of isaacsim.robot.manipulators. Please update your code accordingly.
2026-04-28T09:45:41Z [3,793ms] [Warning] [omni.isaac.manipulators.controllers.pick_place_controller] omni.isaac.manipulators has been deprecated in favor of isaacsim.robot.manipulators. Please update your code accordingly.
2026-04-28T09:45:41Z [3,794ms] [Warning] [omni.isaac.manipulators.controllers.stacking_controller] omni.isaac.manipulators has been deprecated in favor of isaacsim.robot.manipulators. Please update your code accordingly.
2026-04-28T09:45:41Z [3,795ms] [Warning] [omni.isaac.manipulators.grippers] omni.isaac.manipulators has been deprecated in favor of isaacsim.robot.manipulators. Please update your code accordingly.
2026-04-28T09:45:41Z [3,795ms] [Warning] [omni.isaac.manipulators.grippers.gripper] omni.isaac.manipulators has been deprecated in favor of isaacsim.robot.manipulators. Please update your code accordingly.
2026-04-28T09:45:41Z [3,795ms] [Warning] [omni.isaac.manipulators.grippers.parallel_gripper] omni.isaac.manipulators has been deprecated in favor of isaacsim.robot.manipulators. Please update your code accordingly.
2026-04-28T09:45:41Z [3,795ms] [Warning] [omni.isaac.manipulators.grippers.surface_gripper] omni.isaac.manipulators has been deprecated in favor of isaacsim.robot.manipulators. Please update your code accordingly.
2026-04-28T09:45:41Z [3,795ms] [Warning] [omni.isaac.manipulators.manipulators] omni.isaac.manipulators has been deprecated in favor of isaacsim.robot.manipulators. Please update your code accordingly.
2026-04-28T09:45:41Z [3,795ms] [Warning] [omni.isaac.manipulators.manipulators.single_manipulator] omni.isaac.manipulators has been deprecated in favor of isaacsim.robot.manipulators. Please update your code accordingly.
[3.809s] [ext: omni.isaac.lula_test_widget-1.0.6] startup
2026-04-28T09:45:41Z [3,796ms] [Warning] [omni.isaac.lula_test_widget] omni.isaac.lula_test_widget has been deprecated in favor of isaacsim.robot_motion.lula_test_widget. Please update your code accordingly.
[3.810s] [ext: omni.isaac.asset_browser-1.0.6] startup
2026-04-28T09:45:41Z [3,798ms] [Warning] [omni.isaac.asset_browser] omni.isaac.asset_browser has been deprecated in favor of isaacsim.asset.browser. Please update your code accordingly.
[3.812s] [ext: omni.kit.viewport.menubar.display-107.0.3] startup
[3.817s] [ext: omni.isaac.menu-1.0.6] startup
2026-04-28T09:45:41Z [3,804ms] [Warning] [omni.isaac.menu] omni.isaac.menu has been deprecated in favor of isaacsim.gui.menu. Please update your code accordingly.
[3.818s] [ext: omni.isaac.motion_generation-8.0.7] startup
2026-04-28T09:45:41Z [3,806ms] [Warning] [omni.isaac.motion_generation] omni.isaac.motion_generation has been deprecated in favor of isaacsim.robot_motion.motion_generation. Please update your code accordingly.
2026-04-28T09:45:41Z [3,806ms] [Warning] [omni.isaac.motion_generation.articulation_kinematics_solver] omni.isaac.motion_generation has been deprecated in favor of isaacsim.robot_motion.motion_generation. Please update your code accordingly.
2026-04-28T09:45:41Z [3,806ms] [Warning] [omni.isaac.motion_generation.articulation_motion_policy] omni.isaac.motion_generation has been deprecated in favor of isaacsim.robot_motion.motion_generation. Please update your code accordingly.
2026-04-28T09:45:41Z [3,807ms] [Warning] [omni.isaac.motion_generation.articulation_trajectory] omni.isaac.motion_generation has been deprecated in favor of isaacsim.robot_motion.motion_generation. Please update your code accordingly.
2026-04-28T09:45:41Z [3,807ms] [Warning] [omni.isaac.motion_generation.kinematics_interface] omni.isaac.motion_generation has been deprecated in favor of isaacsim.robot_motion.motion_generation. Please update your code accordingly.
2026-04-28T09:45:41Z [3,807ms] [Warning] [omni.isaac.motion_generation.lula] omni.isaac.motion_generation has been deprecated in favor of isaacsim.robot_motion.motion_generation. Please update your code accordingly.
2026-04-28T09:45:41Z [3,807ms] [Warning] [omni.isaac.motion_generation.lula.kinematics] omni.isaac.motion_generation has been deprecated in favor of isaacsim.robot_motion.motion_generation. Please update your code accordingly.
2026-04-28T09:45:41Z [3,807ms] [Warning] [omni.isaac.motion_generation.lula.motion_policies] omni.isaac.motion_generation has been deprecated in favor of isaacsim.robot_motion.motion_generation. Please update your code accordingly.
2026-04-28T09:45:41Z [3,807ms] [Warning] [omni.isaac.motion_generation.lula.path_planners] omni.isaac.motion_generation has been deprecated in favor of isaacsim.robot_motion.motion_generation. Please update your code accordingly.
2026-04-28T09:45:41Z [3,807ms] [Warning] [omni.isaac.motion_generation.lula.trajectory_generator] omni.isaac.motion_generation has been deprecated in favor of isaacsim.robot_motion.motion_generation. Please update your code accordingly.
2026-04-28T09:45:41Z [3,809ms] [Warning] [omni.isaac.motion_generation.motion_policy_controller] omni.isaac.motion_generation has been deprecated in favor of isaacsim.robot_motion.motion_generation. Please update your code accordingly.
2026-04-28T09:45:41Z [3,809ms] [Warning] [omni.isaac.motion_generation.motion_policy_interface] omni.isaac.motion_generation has been deprecated in favor of isaacsim.robot_motion.motion_generation. Please update your code accordingly.
2026-04-28T09:45:41Z [3,809ms] [Warning] [omni.isaac.motion_generation.path_planner_visualizer] omni.isaac.motion_generation has been deprecated in favor of isaacsim.robot_motion.motion_generation. Please update your code accordingly.
2026-04-28T09:45:41Z [3,809ms] [Warning] [omni.isaac.motion_generation.path_planning_interface] omni.isaac.motion_generation has been deprecated in favor of isaacsim.robot_motion.motion_generation. Please update your code accordingly.
2026-04-28T09:45:41Z [3,809ms] [Warning] [omni.isaac.motion_generation.trajectory] omni.isaac.motion_generation has been deprecated in favor of isaacsim.robot_motion.motion_generation. Please update your code accordingly.
2026-04-28T09:45:41Z [3,809ms] [Warning] [omni.isaac.motion_generation.world_interface] omni.isaac.motion_generation has been deprecated in favor of isaacsim.robot_motion.motion_generation. Please update your code accordingly.
[3.823s] [ext: omni.isaac.assets_check-0.3.13] startup
2026-04-28T09:45:41Z [3,811ms] [Warning] [omni.isaac.assets_check] omni.isaac.assets_check has been deprecated in favor of isaacsim.asset.browser. Please update your code accordingly.
[3.824s] [ext: isaacsim.gui.sensors.icon-2.0.3] startup
[3.834s] [ext: isaacsim.asset.importer.mjcf-2.5.13] startup
[3.838s] [ext: omni.sensors.nv.common-3.0.0] startup
[3.845s] [ext: isaacsim.sensors.physics-0.4.3] startup
[3.849s] [ext: omni.sensors.net-1.0.0] startup
[3.851s] [ext: omni.isaac.nucleus-1.0.6] startup
2026-04-28T09:45:41Z [3,839ms] [Warning] [omni.isaac.nucleus] omni.isaac.nucleus has been deprecated in favor of isaacsim.storage.native. Please update your code accordingly.
2026-04-28T09:45:41Z [3,839ms] [Warning] [omni.isaac.nucleus.nucleus] omni.isaac.nucleus.nucleus has been deprecated in favor of isaacsim.storage.native. Please update your code accordingly.
[3.852s] [ext: omni.sensors.nv.materials-2.0.0] startup
[3.856s] [ext: isaacsim.robot.policy.examples-4.1.11] startup
[3.857s] [ext: omni.sensors.nv.wpm-3.0.0] startup
[3.859s] [ext: omni.sensors.nv.lidar-3.0.0] startup
[3.865s] [ext: isaacsim.util.debug_draw-3.1.0] startup
[3.868s] [ext: omni.sensors.nv.radar-3.0.0] startup
[3.871s] [ext: omni.sensors.nv.ids-2.0.0] startup
[3.872s] [ext: isaacsim.core.cloner-1.4.10] startup
[3.873s] [ext: isaacsim.sensors.physx-2.3.2] startup
[3.877s] [ext: isaacsim.sensors.rtx-15.8.4] startup
[3.882s] [ext: isaacsim.sensors.camera-1.3.6] startup
[3.891s] [ext: omni.isaac.quadruped-3.0.7] startup
2026-04-28T09:45:41Z [3,881ms] [Warning] [omni.isaac.quadruped] omni.isaac.quadruped has been deprecated in favor of isaacsim.robot.policy.examples. Please update your code accordingly.
[3.895s] [ext: omni.isaac.cloner-1.0.7] startup
2026-04-28T09:45:41Z [3,883ms] [Warning] [omni.isaac.cloner] omni.isaac.cloner has been deprecated in favor of isaacsim.core.cloner. Please update your code accordingly.
[3.898s] [ext: omni.isaac.range_sensor-4.0.6] startup
2026-04-28T09:45:41Z [3,886ms] [Warning] [omni.isaac.range_sensor] omni.isaac.range_sensor has been deprecated in favor of isaacsim.sensors.physx. Please update your code accordingly.
2026-04-28T09:45:41Z [3,887ms] [Warning] [omni.isaac.range_sensor.commands] omni.isaac.range_sensor.commands has been deprecated in favor of isaacsim.sensors.physx.commands. Please update your code accordingly.
[3.901s] [ext: omni.isaac.sensor-13.0.7] startup
2026-04-28T09:45:41Z [3,889ms] [Warning] [omni.isaac.sensor] omni.isaac.sensor has been deprecated in favor of isaacsim.sensors.camera, isaacsim.sensors.physics, isaacsim.sensors.physx, and isaacsim.sensors.rtx. Please update your code accordingly.
2026-04-28T09:45:41Z [3,890ms] [Warning] [omni.isaac.sensor.camera] omni.isaac.sensor.camera has been deprecated in favor of isaacsim.sensors.camera.camera. Please update your code accordingly.
2026-04-28T09:45:41Z [3,890ms] [Warning] [omni.isaac.sensor.camera_view] omni.isaac.sensor.camera_view has been deprecated in favor of isaacsim.sensors.camera.camera_view. Please update your code accordingly.
2026-04-28T09:45:41Z [3,890ms] [Warning] [omni.isaac.sensor.commands] omni.isaac.sensor.commands has been deprecated in favor of isaacsim.sensors.physics.commands, isaacsim.sensors.physx.commands, and isaacsim.sensors.rtx.commands. Please update your code accordingly.
2026-04-28T09:45:41Z [3,890ms] [Warning] [omni.isaac.sensor.contact_sensor] omni.isaac.sensor.contact_sensor has been deprecated in favor of isaacsim.sensors.physics.contact_sensor. Please update your code accordingly.
2026-04-28T09:45:41Z [3,890ms] [Warning] [omni.isaac.sensor.imu_sensor] omni.isaac.sensor.imu_sensor has been deprecated in favor of isaacsim.sensors.physics.imu_sensor. Please update your code accordingly.
2026-04-28T09:45:41Z [3,891ms] [Warning] [omni.isaac.sensor.lidar_rtx] omni.isaac.sensor.lidar_rtx has been deprecated in favor of isaacsim.sensors.rtx.lidar_rtx. Please update your code accordingly.
2026-04-28T09:45:41Z [3,891ms] [Warning] [omni.isaac.sensor.rotating_lidar_physX] omni.isaac.sensor.imu_sensor has been deprecated in favor of isaacsim.sensors.physix.rotating_lidar_physX. Please update your code accordingly.
2026-04-28T09:45:41Z [3,891ms] [Warning] [omni.isaac.sensor.scripts.samples.contact_sensor] omni.isaac.sensor.scripts.samples.contact_sensor has been deprecated in favor of isaacsim.sensors.physics.scripts.samples.contact_sensor. Please update your code accordingly.
2026-04-28T09:45:41Z [3,891ms] [Warning] [omni.isaac.sensor.scripts.samples.imu_sensor] omni.isaac.sensor.scripts.samples.imu_sensor has been deprecated in favor of isaacsim.sensors.physics.scripts.samples.imu_sensor. Please update your code accordingly.
2026-04-28T09:45:41Z [3,891ms] [Warning] [omni.isaac.sensor.scripts.samples.lightbeam_sensor] omni.isaac.sensor.scripts.samples.lightbeam_sensor has been deprecated in favor of isaacsim.sensors.physx.scripts.samples.lightbeam_sensor. Please update your code accordingly.
[3.905s] [ext: omni.kit.menu.create-2.0.1] startup
[3.908s] [ext: omni.kit.widget.toolbar-2.0.1] startup
[3.917s] [ext: omni.kit.manipulator.transform-107.0.0] startup
[3.920s] [ext: omni.isaac.core-4.0.7] startup
2026-04-28T09:45:41Z [3,908ms] [Warning] [omni.isaac.core.physics_context.physics_context] omni.isaac.core.physics_context.physics_context has been deprecated in favor of isaacsim.core.api.physics_context.physics_context. Please update your code accordingly.
2026-04-28T09:45:41Z [3,908ms] [Warning] [omni.isaac.core.simulation_context.simulation_context] omni.isaac.core.simulation_context.simulation_context has been deprecated in favor of isaacsim.core.api.simulation_context.simulation_context. Please update your code accordingly.
2026-04-28T09:45:41Z [3,908ms] [Warning] [omni.isaac.core.world.world] omni.isaac.core.world.world has been deprecated in favor of isaacsim.core.api.world.world. Please update your code accordingly.
2026-04-28T09:45:41Z [3,908ms] [Warning] [omni.isaac.core] omni.isaac.core has been deprecated in favor of isaacsim.core.api. Please update your code accordingly.
[3.922s] [ext: omni.kit.scripting-107.3.2] startup
[3.926s] [ext: omni.kit.manipulator.tool.snap-1.5.13] startup
[3.929s] [ext: omni.kit.manipulator.selector-1.1.3] startup
[3.930s] [ext: isaacsim.app.about-2.0.11] startup
[3.934s] [ext: isaacsim.replicator.behavior-1.1.16] startup
[3.935s] [ext: omni.kit.viewport.manipulator.transform-107.0.4] startup
[3.937s] [ext: omni.isaac.window.about-2.0.7] startup
2026-04-28T09:45:41Z [3,925ms] [Warning] [omni.isaac.window.about] omni.isaac.window.about has been deprecated in favor of isaacsim.app.about. Please update your code accordingly.
2026-04-28T09:45:41Z [3,925ms] [Warning] [omni.isaac.window.about.about] omni.isaac.window.about.about has been deprecated in favor of isaacsim.app.about.about. Please update your code accordingly.
[3.938s] [ext: omni.fabric.commands-1.1.6] startup
[3.941s] [ext: omni.kit.manipulator.prim.core-107.0.8] startup
[3.946s] [ext: omni.kit.property.audio-1.0.16] startup
[3.947s] [ext: omni.kit.property.camera-1.0.10] startup
[3.948s] [ext: omni.kit.property.geometry-2.0.4] startup
[3.951s] [ext: omni.hydra.scene_api-0.1.2] startup
[3.955s] [ext: omni.kit.property.light-1.0.12] startup
[3.980s] [ext: omni.kit.manipulator.prim.fabric-107.0.4] startup
[3.983s] [ext: omni.kit.manipulator.prim.usd-107.0.3] startup
[3.984s] [ext: omni.kit.property.material-1.11.9] startup
[3.988s] [ext: omni.kit.property.render-1.2.1] startup
[3.990s] [ext: omni.kit.property.transform-1.5.13] startup
[3.993s] [ext: isaacsim.gui.property-1.1.3] startup
[3.995s] [ext: omni.kit.manipulator.camera-106.0.4] startup
[3.998s] [ext: omni.kit.manipulator.prim-107.0.0] startup
[3.998s] [ext: omni.isaac.surface_gripper-2.0.6] startup
2026-04-28T09:45:41Z [3,985ms] [Warning] [omni.isaac.surface_gripper] omni.isaac.surface_gripper has been deprecated in favor of isaacsim.robot.surface_gripper. Please update your code accordingly.
[3.999s] [ext: omni.kit.manipulator.selection-106.0.1] startup
[4.002s] [ext: omni.kit.property.bundle-1.4.1] startup
[4.003s] [ext: omni.kit.property.isaac-1.0.6] startup
2026-04-28T09:45:41Z [3,990ms] [Warning] [omni.kit.property.isaac] omni.kit.property.isaac has been deprecated in favor of isaacsim.gui.property. Please update your code accordingly.
2026-04-28T09:45:41Z [3,990ms] [Warning] [omni.kit.property.isaac.widgets] omni.kit.property.isaac.widgets has been deprecated in favor of isaacsim.gui.property.widgets. Please update your code accordingly.
[4.004s] [ext: omni.isaac.universal_robots-1.0.6] startup
2026-04-28T09:45:41Z [3,991ms] [Warning] [omni.isaac.universal_robots] omni.isaac.universal_robots has been deprecated in favor of isaacsim.robot.manipulators.examples.universal_robots. Please update your code accordingly.
2026-04-28T09:45:41Z [3,991ms] [Warning] [omni.isaac.universal_robots.kinematics_solver] omni.isaac.franka has been deprecated in favor of isaacsim.robot.manipulators.examples.universal_robots. Please update your code accordingly.
2026-04-28T09:45:41Z [3,992ms] [Warning] [omni.isaac.universal_robots.ur10] omni.isaac.franka has been deprecated in favor of isaacsim.robot.manipulators.examples.universal_robots. Please update your code accordingly.
[4.005s] [ext: omni.isaac.core_nodes-2.0.6] startup
2026-04-28T09:45:41Z [3,994ms] [Warning] [omni.isaac.core_nodes] omni.isaac.core_nodes has been deprecated in favor of isaacsim.core.nodes. Please update your code accordingly.
[4.008s] [ext: omni.kit.viewport.menubar.camera-107.0.6] startup
[4.014s] [ext: omni.kit.viewport.menubar.lighting-107.3.1] startup
[4.016s] [ext: isaacsim.replicator.writers-1.0.17] startup
[4.026s] [ext: omni.kit.viewport.menubar.render-107.0.10] startup
[4.030s] [ext: omni.kit.viewport.menubar.settings-107.0.3] startup
[4.036s] [ext: omni.kit.window.console-1.1.4] startup
[4.040s] [ext: isaacsim.replicator.domain_randomization-1.0.16] startup
[4.042s] [ext: isaacsim.replicator.examples-1.3.6] startup
[4.044s] [ext: omni.ocio-0.1.1] startup
[4.047s] [ext: omni.rtx.window.settings-0.6.19] startup
[4.052s] [ext: omni.kit.window.status_bar-0.1.9] startup
[4.057s] [ext: omni.kit.window.toolbar-2.0.0] startup
[4.065s] [ext: omni.replicator.isaac-2.0.8] startup
2026-04-28T09:45:41Z [4,053ms] [Warning] [omni.replicator.isaac] omni.replicator.isaac has been deprecated in favor of isaacsim.replicator.domain_randomization, isaacsim.replicator.examples, isaacsim.replicator.writers. Please update your code accordingly.
[4.067s] [ext: omni.replicator.replicator_yaml-2.0.11] startup
[4.083s] [ext: omni.rtx.settings.core-0.6.5] startup
[4.086s] [ext: omni.usd.metrics.assembler.ui-107.3.1] startup
[4.096s] [ext: omni.isaac.utils-2.0.6] startup
[4.097s] [ext: semantics.schema.editor-2.0.2] startup
[4.101s] [ext: omni.kit.ui.actions-1.0.5] startup
[4.102s] [ext: semantics.schema.property-2.0.1] startup
[4.104s] [ext: omni.isaac.version-2.0.7] startup
2026-04-28T09:45:41Z [4,091ms] [Warning] [omni.isaac.version] omni.isaac.version has been deprecated in favor of isaacsim.core.version. Please update your code accordingly.
[4.105s] [ext: omni.isaac.cortex-1.0.5] startup
[4.106s] [ext: omni.anim.curve.core-1.3.1] startup
[4.113s] [ext: isaacsim.core.throttling-2.2.2] startup
[4.115s] [ext: omni.kit.menu.common-2.0.1] startup
[4.117s] [ext: isaacsim.exp.base-5.1.0] startup
[4.118s] [ext: isaacsim.exp.base.python-5.1.0] startup
[4.119s] Simulation App Starting
2026-04-28T09:45:41Z [4,264ms] [Warning] [omni.fabric.plugin] Warning: attribute viewportHandle not found for bucket id 9

[4.368s] app ready
[6.514s] Simulation App Startup Complete
2026-04-28T09:45:43Z [6,714ms] [Warning] [omni.fabric.plugin] getAttributeCount called on non-existent path /World/RobotRight/orcahand_right_flattened_v1b/world/visuals/right_visual_tower_text_mesh
2026-04-28T09:45:43Z [6,714ms] [Warning] [omni.fabric.plugin] getTypes called on non-existent path /World/RobotRight/orcahand_right_flattened_v1b/world/visuals/right_visual_tower_text_mesh
2026-04-28T09:45:44Z [7,351ms] [Warning] [rtx.postprocessing.plugin] DLSS increasing input dimensions: Render resolution of (320, 240) is below minimal input resolution of 300.
2026-04-28T09:45:47Z [10,457ms] [Warning] [carb] Client gpu.foundation.plugin has acquired [gpu::unstable::IMemoryBudgetManagerFactory v0.1] 100 times. Consider accessing this interface with carb::getCachedInterface() (Performance warning)
[427.981s] Simulation App Shutting Down
[run_all] (fallback rename) outputs/20250804_104715_overlay_a0.50_qpos_duck_vda.mp4 -> experiments/hand_offset/outputs/v1_no_refine.mp4

============================================================
[run_all] v2_ee_y_pos15mm
============================================================
[Info] [carb] Logging to file: /home/shinben0327/miniconda3/envs/3dv/lib/python3.11/site-packages/isaacsim/kit/logs/Kit/Isaac-Sim Python/5.1/kit_20260428_115246.log
2026-04-28T09:52:46Z [0ms] [Warning] [carb.crashreporter-breakpad.plugin] [previous crash] preventing upload of minidump due to user opt-out: '/home/shinben0327/miniconda3/envs/3dv/lib/python3.11/site-packages/isaacsim/kit/data/Kit/Isaac-Sim Python/5.1/eff7d5d5-1367-40aa-750f2da2-5077d85b.dmp'
2026-04-28T09:52:46Z [1ms] [Warning] [carb.crashreporter-breakpad.plugin] [previous crash] preventing upload of minidump due to user opt-out: '/home/shinben0327/miniconda3/envs/3dv/lib/python3.11/site-packages/isaacsim/kit/data/Kit/Isaac-Sim Python/5.1/78516c7e-9a77-435e-ea4991b8-4568510e.dmp'
[0.038s] [ext: omni.kit.async_engine-0.0.3] startup
[0.103s] [ext: omni.metrics.core-0.0.3] startup
[0.104s] [ext: omni.client.lib-1.1.0] startup
[0.113s] [ext: omni.blobkey-1.1.2] startup
[0.114s] [ext: omni.stats-1.0.1] startup
[0.114s] [ext: omni.datastore-0.0.0] startup
[0.118s] [ext: omni.client-1.3.0] startup
[0.171s] [ext: omni.ujitso.default-1.0.0] startup
[0.173s] [ext: omni.hsscclient-1.1.2] startup
[0.175s] [ext: omni.gpu_foundation.shadercache.vulkan-1.0.0] startup
[0.178s] [ext: omni.assets.plugins-0.0.0] startup
[0.179s] [ext: omni.gpu_foundation-0.0.0] startup
[0.185s] [ext: carb.windowing.plugins-1.0.0] startup
[0.191s] [ext: omni.kit.renderer.init-0.0.0] startup

|---------------------------------------------------------------------------------------------|
| Driver Version: 580.126.09    | Graphics API: Vulkan
|=============================================================================================|
| GPU | Name                             | Active | LDA | GPU Memory | Vendor-ID | LUID       |
|     |                                  |        |     |            | Device-ID | UUID       |
|     |                                  |        |     |            | Bus-ID    |            |
|---------------------------------------------------------------------------------------------|
| 0   | NVIDIA GeForce RTX 4060 Laptop.. | Yes: 0 |     | 8188    MB | 10de      | 0          |
|     |                                  |        |     |            | 28e0      | 67d90d8d.. |
|     |                                  |        |     |            | 1         |            |
|=============================================================================================|
| OS: 24.04.4 LTS (Noble Numbat) ubuntu, Version: 24.04.4, Kernel: 6.17.0-22-generic
| XServer Vendor: The X.Org Foundation, XServer Version: 12101011 (1.21.1.11)
| Processor: 13th Gen Intel(R) Core(TM) i7-13700H
| Bare Metal Cores: 14 | Bare Metal Logical Cores: 28
| Available Cores:  20 
|---------------------------------------------------------------------------------------------|
| Total Memory (MB): 31887 | Free Memory: 17097
| Total Page/Swap (MB): 8191 | Free Page/Swap: 4448
|---------------------------------------------------------------------------------------------|
2026-04-28T09:52:47Z [725ms] [Warning] [gpu.foundation.plugin] CPU performance profile is set to powersave. This profile sets the CPU to the lowest frequency reducing performance.
[0.855s] [ext: omni.materialx.libs-1.0.7] startup
[0.861s] [ext: omni.kit.telemetry-0.5.2] startup
[0.877s] [ext: omni.usd.config-1.0.6] startup
[0.879s] [ext: omni.gpucompute.plugins-0.0.0] startup
[0.880s] [ext: omni.usd.libs-1.0.1] startup
[0.945s] [ext: omni.kit.loop-isaac-1.3.7] startup
[0.946s] [ext: omni.kit.test-2.0.1] startup
[0.981s] [ext: omni.mdl-56.0.3] startup
[0.995s] [ext: omni.iray.libs-0.0.0] startup
[0.999s] [ext: omni.mdl.neuraylib-0.2.12] startup
[1.001s] [ext: omni.kit.usd.mdl-1.1.5] startup
[1.067s] [ext: omni.kit.pipapi-0.0.0] startup
[1.068s] [ext: omni.appwindow-1.1.10] startup
[1.072s] [ext: omni.kit.renderer.core-1.1.0] startup
[1.164s] [ext: omni.kit.renderer.capture-0.0.0] startup
[1.165s] [ext: omni.kit.renderer.imgui-2.0.5] startup
[1.269s] [ext: omni.ui-2.27.1] startup
[1.278s] [ext: omni.kit.mainwindow-1.0.3] startup
[1.279s] [ext: carb.audio-0.1.0] startup
[1.282s] [ext: omni.uiaudio-1.0.0] startup
[1.283s] [ext: omni.kit.uiapp-0.0.0] startup
[1.283s] [ext: omni.usd.schema.metrics.assembler-107.3.1] startup
[1.285s] [ext: omni.usd.schema.physx-107.3.26] startup
[1.307s] [ext: omni.usd.schema.geospatial-0.0.0] startup
[1.309s] [ext: omni.usd.schema.audio-0.0.0] startup
[1.311s] [ext: omni.usd.schema.anim-0.0.0] startup
[1.327s] [ext: omni.usd.schema.flow-107.1.1] startup
[1.327s] [ext: omni.usd_resolver-1.0.0] startup
[1.331s] [ext: omni.usd.core-1.5.3] startup
[1.335s] [ext: omni.usd.schema.omni_sensors-0.0.0] startup
[1.353s] [ext: omni.usd.schema.semantics-0.0.0] startup
[1.356s] [ext: omni.usd.schema.omniscripting-1.0.0] startup
[1.359s] [ext: omni.usd.schema.omni_lens_distortion-0.0.0] startup
[1.360s] [ext: omni.usd.schema.omnigraph-1.0.0] startup
[1.364s] [ext: omni.kit.window.popup_dialog-2.0.24] startup
[1.367s] [ext: omni.graph.exec-0.9.6] startup
[1.367s] [ext: omni.kit.widget.nucleus_connector-2.0.1] startup
[1.368s] [ext: omni.kit.usd_undo-0.1.8] startup
[1.369s] [ext: omni.kit.exec.core-0.13.4] startup
[1.370s] [ext: omni.kit.actions.core-1.0.0] startup
[1.371s] [ext: omni.resourcemonitor-107.0.1] startup
[1.372s] [ext: omni.activity.core-1.0.3] startup
[1.373s] [ext: omni.timeline-1.0.14] startup
[1.374s] [ext: omni.kit.commands-1.4.10] startup
[1.377s] [ext: usdrt.scenegraph-7.6.1] startup
[1.405s] [ext: omni.kit.audiodeviceenum-1.0.2] startup
[1.406s] [ext: omni.hydra.usdrt_delegate-7.5.1] startup
[1.411s] [ext: omni.hydra.scene_delegate-0.3.4] startup
[1.415s] [ext: omni.usd-1.13.10] startup
[1.433s] [ext: omni.inspect-1.0.2] startup
[1.434s] [ext: omni.kit.notification_manager-1.0.10] startup
[1.435s] [ext: omni.graph.core-2.184.5] startup
[1.438s] [ext: isaacsim.core.deprecation_manager-0.2.7] startup
[1.439s] [ext: omni.anim.graph.schema-107.3.3] startup
[1.445s] [ext: omni.usd.schema.isaac-3.0.5] startup
[1.445s] [ext: omni.anim.navigation.schema-107.3.3] startup
[1.447s] [ext: omni.kit.asset_converter-5.0.17] startup
[1.456s] [ext: isaacsim.robot.schema-3.6.0] startup
[1.461s] [ext: omni.usd.schema.render_settings.rtx-0.0.0] startup
[1.462s] [ext: omni.kit.menu.core-1.1.2] startup
[1.462s] [ext: omni.kit.widget.path_field-2.0.11] startup
[1.463s] [ext: omni.kit.widget.context_menu-1.2.5] startup
[1.463s] [ext: omni.kit.widget.browser_bar-2.0.10] startup
[1.464s] [ext: omni.kit.clipboard-1.0.5] startup
[1.464s] [ext: omni.kit.numpy.common-0.1.3] startup
[1.465s] [ext: omni.kit.widget.options_menu-1.1.6] startup
[1.467s] [ext: omni.kit.helper.file_utils-0.1.9] startup
[1.469s] [ext: omni.ui.scene-1.11.5] startup
[1.472s] [ext: omni.kit.widget.options_button-1.0.3] startup
[1.472s] [ext: omni.kit.widget.filebrowser-2.12.3] startup
[1.475s] [ext: omni.kit.usd.layers-2.2.11] startup
[1.481s] [ext: omni.kit.window.filepicker-2.13.4] startup
[1.489s] [ext: omni.kit.hotkeys.core-1.3.10] startup
[1.491s] [ext: omni.kit.context_menu-1.8.6] startup
[1.493s] [ext: omni.kit.property.adapter.core-1.0.2] startup
[1.494s] [ext: omni.kit.window.file_exporter-1.0.33] startup
[1.495s] [ext: omni.kit.widget.searchfield-1.1.8] startup
[1.496s] [ext: omni.kit.widget.filter-1.1.4] startup
[1.496s] [ext: omni.kit.widget.graph-2.0.0] startup
[1.500s] [ext: omni.kit.widget.stage-3.1.4] startup
[1.508s] [ext: omni.kit.property.adapter.usd-1.0.2] startup
[1.508s] [ext: omni.kit.property.adapter.fabric-1.0.3] startup
[1.509s] [ext: omni.kit.graph.delegate.default-1.2.3] startup
[1.509s] [ext: omni.kit.window.file_importer-1.1.18] startup
[1.510s] [ext: omni.kit.stage_template.core-1.1.22] startup
[1.510s] [ext: omni.kit.menu.utils-2.0.5] startup
[1.513s] [ext: omni.kit.window.file-2.0.5] startup
[1.515s] [ext: omni.kit.widget.highlight_label-1.0.3] startup
[1.515s] [ext: omni.kit.window.drop_support-1.0.5] startup
[1.516s] [ext: omni.kit.window.content_browser_registry-0.0.6] startup
[1.516s] [ext: omni.kit.window.property-1.12.1] startup
[1.518s] [ext: omni.kit.window.content_browser-3.1.3] startup
[1.525s] [ext: isaacsim.core.version-2.0.6] startup
[1.525s] [ext: omni.kit.property.usd-4.5.12] startup
[1.531s] [ext: omni.kit.graph.editor.core-1.5.3] startup
[1.533s] [ext: omni.kit.material.library-2.0.7] startup
[1.536s] [ext: omni.kit.graph.usd.commands-1.3.1] startup
[1.536s] [ext: omni.kvdb-107.3.26] startup
[1.537s] [ext: omni.usdphysics-107.3.26] startup
[1.539s] [ext: omni.physx.foundation-107.3.26] startup
[1.540s] [ext: omni.localcache-107.3.26] startup
[1.541s] [ext: omni.convexdecomposition-107.3.26] startup
[1.543s] [ext: omni.physics-107.3.26] startup
[1.545s] [ext: omni.physx.cooking-107.3.26] startup
[1.547s] [ext: omni.physics.stageupdate-107.3.26] startup
[1.548s] [ext: omni.physx-107.3.26] startup
[1.555s] [ext: omni.index.libs-380600.8087.0] startup
[1.555s] [ext: omni.physics.physx-107.3.26] startup
2026-04-28T09:52:48Z [1,547ms] [Warning] [carb] Acquiring non optional plugin interface which is not listed as dependency: [omni::physx::IPhysxBenchmarks v1.0] (plugin: <default plugin>), by client: omni.physics.physx.plugin. Add it to CARB_PLUGIN_IMPL_DEPS() macro of a client.
[1.556s] [ext: omni.index-1.0.1] startup
[1.557s] [ext: omni.volume-0.5.2] startup
[1.559s] [ext: omni.ujitso.client-0.0.0] startup
[1.559s] [ext: omni.hydra.rtx.shadercache.vulkan-1.0.0] startup
[1.560s] [ext: omni.kit.widget.searchable_combobox-1.0.6] startup
[1.560s] [ext: omni.hydra.rtx-1.0.0] startup
2026-04-28T09:52:48Z [1,565ms] [Warning] [omni.log] Source: omni.hydra was already registered.
[1.586s] [ext: omni.kit.widget.settings-1.2.6] startup
[1.587s] [ext: omni.kit.hydra_texture-1.4.6] startup
[1.590s] [ext: omni.graph.tools-1.79.2] startup
[1.607s] [ext: omni.kit.window.preferences-1.8.0] startup
[1.610s] [ext: omni.kit.widget.material_preview-1.0.16] startup
[1.611s] [ext: omni.graph-1.141.2] startup
[1.642s] [ext: omni.kit.window.material_graph-1.9.1] startup
[1.648s] [ext: omni.isaac.dynamic_control-2.0.7] startup
2026-04-28T09:52:48Z [1,642ms] [Warning] [omni.isaac.dynamic_control] omni.isaac.dynamic_control is deprecated as of Isaac Sim 4.5. No action is needed from end-users.
[1.652s] [ext: isaacsim.storage.native-1.5.1] startup
[1.654s] [ext: omni.graph.scriptnode-1.50.0] startup
[1.656s] [ext: omni.hydra.engine.stats-1.0.3] startup
[1.660s] [ext: omni.kit.viewport.legacy_gizmos-1.0.19] startup
[1.662s] [ext: omni.kit.raycast.query-1.1.0] startup
[1.667s] [ext: omni.graph.action_core-1.1.7] startup
[1.669s] [ext: omni.kit.viewport.scene_camera_model-1.0.6] startup
[1.674s] [ext: omni.graph.image.core-0.6.1] startup
[1.675s] [ext: omni.kit.widget.viewport-107.1.3] startup
[1.682s] [ext: omni.kit.viewport.registry-104.0.6] startup
[1.683s] [ext: omni.usd.metrics.assembler-107.3.1] startup
[1.686s] [ext: omni.kit.viewport.window-107.2.0] startup
[1.699s] [ext: omni.kit.viewport.menubar.core-107.2.1] startup
[1.707s] [ext: omni.graph.image.nodes-1.3.1] startup
[1.708s] [ext: omni.usd.metrics.assembler.physics-107.3.26] startup
[1.710s] [ext: omni.warp.core-1.8.2] startup
[1.846s] [ext: omni.kit.viewport.utility-1.1.2] startup
[1.846s] [ext: omni.physics.tensors-107.3.26] startup
[1.851s] [ext: omni.syntheticdata-0.6.13] startup
[1.871s] [ext: isaacsim.test.docstring-1.1.0] startup
[1.874s] [ext: isaacsim.core.utils-3.5.1] startup
[1.878s] [ext: omni.physx.tensors-107.3.26] startup
[1.882s] [ext: omni.graph.nodes-1.170.10] startup
[1.893s] [ext: omni.graph.action_nodes-1.50.4] startup
[1.896s] [ext: omni.kit.primitive.mesh-1.0.17] startup
[1.903s] [ext: isaacsim.core.simulation_manager-1.4.4] startup
[2.982s] [ext: omni.graph.ui_nodes-1.50.5] startup
[2.985s] [ext: omni.graph.action-1.130.0] startup
[2.987s] [ext: omni.kit.stage_templates-2.0.0] startup
[2.990s] [ext: isaacsim.core.prims-0.6.1] startup
[3.011s] [ext: omni.warp-1.8.2] startup
[3.017s] [ext: omni.videoencoding-0.1.2] startup
[3.020s] [ext: isaacsim.core.api-4.8.0] startup
[3.062s] [ext: isaacsim.core.experimental.utils-0.3.0] startup
[3.080s] [ext: omni.replicator.core-1.12.27] startup
2026-04-28T09:52:49Z [3,079ms] [Warning] [pxr.Semantics] pxr.Semantics is deprecated - please use Semantics instead
2026-04-28T09:52:49Z [3,150ms] [Warning] [omni.graph.core.plugin] Found duplicate of category 'Replicator' - was 'Annotators', adding 'Fabric Reader'
2026-04-28T09:52:49Z [3,150ms] [Warning] [omni.graph.core.plugin] Category 'Replicator' not accepted on node type 'omni.replicator.core.FabricReader' in extension 'omni.replicator.core'
2026-04-28T09:52:49Z [3,151ms] [Warning] [omni.replicator.core.scripts.extension] No material configuration file, adding configuration to material settings directly.
[3.162s] [ext: isaacsim.core.experimental.prims-0.8.1] startup
[3.202s] [ext: omni.kit.window.extensions-1.4.27] startup
[3.208s] [ext: isaacsim.core.experimental.objects-0.4.0] startup
[3.212s] [ext: omni.ui_query-1.1.8] startup
[3.215s] [ext: omni.kit.manipulator.viewport-107.0.1] startup
[3.216s] [ext: isaacsim.robot.surface_gripper-3.3.1] startup
[3.219s] [ext: omni.kit.ui_test-1.3.7] startup
[3.222s] [ext: omni.graph.visualization.nodes-2.1.3] startup
[3.243s] [ext: isaacsim.robot_motion.lula-4.0.8] startup
[3.251s] [ext: isaacsim.core.nodes-3.4.3] startup
[3.268s] [ext: isaacsim.gui.components-1.2.1] startup
[3.378s] [ext: isaacsim.robot_motion.motion_generation-8.0.26] startup
[3.576s] [ext: isaacsim.robot.manipulators-3.3.6] startup
[3.634s] [ext: isaacsim.core.experimental.materials-0.4.0] startup
[3.650s] [ext: isaacsim.robot.manipulators.examples-1.1.2] startup
[3.654s] [ext: isaacsim.cortex.framework-1.0.12] startup
[3.656s] [ext: isaacsim.cortex.behaviors-2.0.14] startup
[3.660s] [ext: omni.isaac.cortex.sample_behaviors-2.0.5] startup
2026-04-28T09:52:50Z [3,653ms] [Warning] [omni.isaac.cortex] omni.isaac.cortex has been deprecated in favor of isaacsim.cortex.framework. Please update your code accordingly.
2026-04-28T09:52:50Z [3,655ms] [Warning] [omni.isaac.cortex.sample_behaviors] omni.isaac.cortex.sample_behaviors has been deprecated in favor of isaacsim.cortex.behaviors. Please update your code accordingly.
[3.664s] [ext: omni.kit.widget.zoombar-1.0.6] startup
[3.670s] [ext: isaacsim.gui.content_browser-0.1.11] startup
[3.676s] [ext: omni.kit.browser.core-2.3.13] startup
[3.689s] [ext: omni.kit.widget.stage_icons-1.0.8] startup
[3.691s] [ext: omni.kit.widget.prompt-1.0.7] startup
[3.695s] [ext: omni.kit.usd.collect-2.4.5] startup
[3.698s] [ext: omni.kit.browser.folder.core-1.10.9] startup
[3.704s] [ext: omni.kit.window.stage-2.6.1] startup
[3.710s] [ext: omni.kit.usdz_export-1.0.9] startup
[3.714s] [ext: omni.kit.tool.collect-2.2.18] startup
[3.723s] [ext: omni.kit.menu.stage-1.2.7] startup
[3.727s] [ext: omni.kit.tool.asset_importer-4.3.2] startup
[3.739s] [ext: isaacsim.robot.wheeled_robots-4.0.24] startup
[3.746s] [ext: isaacsim.examples.browser-0.2.1] startup
[3.755s] [ext: isaacsim.asset.importer.urdf-2.4.30] startup
[3.814s] [ext: omni.isaac.wheeled_robots-3.0.7] startup
2026-04-28T09:52:50Z [3,807ms] [Warning] [omni.isaac.wheeled_robots] omni.isaac.wheeled_robots has been deprecated in favor of isaacsim.robot.wheeled_robots. Please update your code accordingly.
2026-04-28T09:52:50Z [3,807ms] [Warning] [omni.isaac.wheeled_robots.controllers] omni.isaac.wheeled_robots has been deprecated in favor of isaacsim.robot.wheeled_robots. Please update your code accordingly.
2026-04-28T09:52:50Z [3,807ms] [Warning] [omni.isaac.wheeled_robots.controllers.ackermann_controller] omni.isaac.wheeled_robots has been deprecated in favor of isaacsim.robot.wheeled_robots. Please update your code accordingly.
2026-04-28T09:52:50Z [3,808ms] [Warning] [omni.isaac.wheeled_robots.controllers.differential_controller] omni.isaac.wheeled_robots has been deprecated in favor of isaacsim.robot.wheeled_robots. Please update your code accordingly.
2026-04-28T09:52:50Z [3,808ms] [Warning] [omni.isaac.wheeled_robots.controllers.holonomic_controller] omni.isaac.wheeled_robots has been deprecated in favor of isaacsim.robot.wheeled_robots. Please update your code accordingly.
2026-04-28T09:52:50Z [3,808ms] [Warning] [omni.isaac.wheeled_robots.controllers.quintic_path_planner] omni.isaac.wheeled_robots has been deprecated in favor of isaacsim.robot.wheeled_robots. Please update your code accordingly.
2026-04-28T09:52:50Z [3,808ms] [Warning] [omni.isaac.wheeled_robots.controllers.stanley_control] omni.isaac.wheeled_robots has been deprecated in favor of isaacsim.robot.wheeled_robots. Please update your code accordingly.
2026-04-28T09:52:50Z [3,808ms] [Warning] [omni.isaac.wheeled_robots.controllers.wheel_base_pose_controller] omni.isaac.wheeled_robots has been deprecated in favor of isaacsim.robot.wheeled_robots. Please update your code accordingly.
2026-04-28T09:52:50Z [3,808ms] [Warning] [omni.isaac.wheeled_robots.impl] omni.isaac.wheeled_robots has been deprecated in favor of isaacsim.robot.wheeled_robots. Please update your code accordingly.
2026-04-28T09:52:50Z [3,808ms] [Warning] [omni.isaac.wheeled_robots.robots] omni.isaac.wheeled_robots has been deprecated in favor of isaacsim.robot.wheeled_robots. Please update your code accordingly.
2026-04-28T09:52:50Z [3,808ms] [Warning] [omni.isaac.wheeled_robots.robots.holonomic_robot_usd_setup] omni.isaac.wheeled_robots has been deprecated in favor of isaacsim.robot.wheeled_robots. Please update your code accordingly.
2026-04-28T09:52:50Z [3,808ms] [Warning] [omni.isaac.wheeled_robots.robots.wheeled_robot] omni.isaac.wheeled_robots has been deprecated in favor of isaacsim.robot.wheeled_robots. Please update your code accordingly.
[3.817s] [ext: isaacsim.simulation_app-2.12.2] startup
[3.819s] [ext: omni.isaac.franka-1.0.7] startup
2026-04-28T09:52:50Z [3,811ms] [Warning] [omni.isaac.franka] omni.isaac.franka has been deprecated in favor of isaacsim.robot.manipulators.examples.franka. Please update your code accordingly.
2026-04-28T09:52:50Z [3,811ms] [Warning] [omni.isaac.franka.franka] omni.isaac.franka has been deprecated in favor of isaacsim.robot.manipulators.examples.franka. Please update your code accordingly.
2026-04-28T09:52:50Z [3,829ms] [Warning] [omni.isaac.franka.kinematics_solver] omni.isaac.franka has been deprecated in favor of isaacsim.robot.manipulators.examples.franka. Please update your code accordingly.
[3.839s] [ext: omni.isaac.kit-2.0.6] startup
2026-04-28T09:52:50Z [3,835ms] [Warning] [omni.isaac.kit] omni.isaac.kit has been deprecated in favor of isaacsim.simulation_app. Please update your code accordingly.
[3.845s] [ext: omni.kit.selection-0.1.6] startup
[3.847s] [ext: omni.isaac.lula-4.0.6] startup
2026-04-28T09:52:50Z [3,839ms] [Warning] [omni.isaac.lula] omni.isaac.lula has been deprecated in favor of isaacsim.robot_motion.lula. Please update your code accordingly.
[3.848s] [ext: isaacsim.robot_motion.lula_test_widget-1.0.12] startup
[3.850s] [ext: isaacsim.asset.browser-1.3.23] startup
[3.883s] [ext: omni.kit.viewport.actions-107.0.2] startup
[3.887s] [ext: isaacsim.gui.menu-2.4.4] startup
[3.891s] [ext: omni.isaac.manipulators-3.0.7] startup
2026-04-28T09:52:50Z [3,884ms] [Warning] [omni.isaac.manipulators] omni.isaac.manipulators has been deprecated in favor of isaacsim.robot.manipulators. Please update your code accordingly.
2026-04-28T09:52:50Z [3,885ms] [Warning] [omni.isaac.manipulators.controllers] omni.isaac.manipulators has been deprecated in favor of isaacsim.robot.manipulators. Please update your code accordingly.
2026-04-28T09:52:50Z [3,885ms] [Warning] [omni.isaac.manipulators.controllers.pick_place_controller] omni.isaac.manipulators has been deprecated in favor of isaacsim.robot.manipulators. Please update your code accordingly.
2026-04-28T09:52:50Z [3,885ms] [Warning] [omni.isaac.manipulators.controllers.stacking_controller] omni.isaac.manipulators has been deprecated in favor of isaacsim.robot.manipulators. Please update your code accordingly.
2026-04-28T09:52:50Z [3,885ms] [Warning] [omni.isaac.manipulators.grippers] omni.isaac.manipulators has been deprecated in favor of isaacsim.robot.manipulators. Please update your code accordingly.
2026-04-28T09:52:50Z [3,885ms] [Warning] [omni.isaac.manipulators.grippers.gripper] omni.isaac.manipulators has been deprecated in favor of isaacsim.robot.manipulators. Please update your code accordingly.
2026-04-28T09:52:50Z [3,885ms] [Warning] [omni.isaac.manipulators.grippers.parallel_gripper] omni.isaac.manipulators has been deprecated in favor of isaacsim.robot.manipulators. Please update your code accordingly.
2026-04-28T09:52:50Z [3,885ms] [Warning] [omni.isaac.manipulators.grippers.surface_gripper] omni.isaac.manipulators has been deprecated in favor of isaacsim.robot.manipulators. Please update your code accordingly.
2026-04-28T09:52:50Z [3,885ms] [Warning] [omni.isaac.manipulators.manipulators] omni.isaac.manipulators has been deprecated in favor of isaacsim.robot.manipulators. Please update your code accordingly.
2026-04-28T09:52:50Z [3,885ms] [Warning] [omni.isaac.manipulators.manipulators.single_manipulator] omni.isaac.manipulators has been deprecated in favor of isaacsim.robot.manipulators. Please update your code accordingly.
[3.894s] [ext: omni.isaac.lula_test_widget-1.0.6] startup
2026-04-28T09:52:50Z [3,887ms] [Warning] [omni.isaac.lula_test_widget] omni.isaac.lula_test_widget has been deprecated in favor of isaacsim.robot_motion.lula_test_widget. Please update your code accordingly.
[3.896s] [ext: omni.isaac.asset_browser-1.0.6] startup
2026-04-28T09:52:50Z [3,889ms] [Warning] [omni.isaac.asset_browser] omni.isaac.asset_browser has been deprecated in favor of isaacsim.asset.browser. Please update your code accordingly.
[3.898s] [ext: omni.kit.viewport.menubar.display-107.0.3] startup
[3.902s] [ext: omni.isaac.menu-1.0.6] startup
2026-04-28T09:52:50Z [3,894ms] [Warning] [omni.isaac.menu] omni.isaac.menu has been deprecated in favor of isaacsim.gui.menu. Please update your code accordingly.
[3.903s] [ext: omni.isaac.motion_generation-8.0.7] startup
2026-04-28T09:52:50Z [3,895ms] [Warning] [omni.isaac.motion_generation] omni.isaac.motion_generation has been deprecated in favor of isaacsim.robot_motion.motion_generation. Please update your code accordingly.
2026-04-28T09:52:50Z [3,896ms] [Warning] [omni.isaac.motion_generation.articulation_kinematics_solver] omni.isaac.motion_generation has been deprecated in favor of isaacsim.robot_motion.motion_generation. Please update your code accordingly.
2026-04-28T09:52:50Z [3,897ms] [Warning] [omni.isaac.motion_generation.articulation_motion_policy] omni.isaac.motion_generation has been deprecated in favor of isaacsim.robot_motion.motion_generation. Please update your code accordingly.
2026-04-28T09:52:50Z [3,897ms] [Warning] [omni.isaac.motion_generation.articulation_trajectory] omni.isaac.motion_generation has been deprecated in favor of isaacsim.robot_motion.motion_generation. Please update your code accordingly.
2026-04-28T09:52:50Z [3,897ms] [Warning] [omni.isaac.motion_generation.kinematics_interface] omni.isaac.motion_generation has been deprecated in favor of isaacsim.robot_motion.motion_generation. Please update your code accordingly.
2026-04-28T09:52:50Z [3,897ms] [Warning] [omni.isaac.motion_generation.lula] omni.isaac.motion_generation has been deprecated in favor of isaacsim.robot_motion.motion_generation. Please update your code accordingly.
2026-04-28T09:52:50Z [3,897ms] [Warning] [omni.isaac.motion_generation.lula.kinematics] omni.isaac.motion_generation has been deprecated in favor of isaacsim.robot_motion.motion_generation. Please update your code accordingly.
2026-04-28T09:52:50Z [3,897ms] [Warning] [omni.isaac.motion_generation.lula.motion_policies] omni.isaac.motion_generation has been deprecated in favor of isaacsim.robot_motion.motion_generation. Please update your code accordingly.
2026-04-28T09:52:50Z [3,897ms] [Warning] [omni.isaac.motion_generation.lula.path_planners] omni.isaac.motion_generation has been deprecated in favor of isaacsim.robot_motion.motion_generation. Please update your code accordingly.
2026-04-28T09:52:50Z [3,897ms] [Warning] [omni.isaac.motion_generation.lula.trajectory_generator] omni.isaac.motion_generation has been deprecated in favor of isaacsim.robot_motion.motion_generation. Please update your code accordingly.
2026-04-28T09:52:50Z [3,897ms] [Warning] [omni.isaac.motion_generation.motion_policy_controller] omni.isaac.motion_generation has been deprecated in favor of isaacsim.robot_motion.motion_generation. Please update your code accordingly.
2026-04-28T09:52:50Z [3,897ms] [Warning] [omni.isaac.motion_generation.motion_policy_interface] omni.isaac.motion_generation has been deprecated in favor of isaacsim.robot_motion.motion_generation. Please update your code accordingly.
2026-04-28T09:52:50Z [3,897ms] [Warning] [omni.isaac.motion_generation.path_planner_visualizer] omni.isaac.motion_generation has been deprecated in favor of isaacsim.robot_motion.motion_generation. Please update your code accordingly.
2026-04-28T09:52:50Z [3,897ms] [Warning] [omni.isaac.motion_generation.path_planning_interface] omni.isaac.motion_generation has been deprecated in favor of isaacsim.robot_motion.motion_generation. Please update your code accordingly.
2026-04-28T09:52:50Z [3,897ms] [Warning] [omni.isaac.motion_generation.trajectory] omni.isaac.motion_generation has been deprecated in favor of isaacsim.robot_motion.motion_generation. Please update your code accordingly.
2026-04-28T09:52:50Z [3,897ms] [Warning] [omni.isaac.motion_generation.world_interface] omni.isaac.motion_generation has been deprecated in favor of isaacsim.robot_motion.motion_generation. Please update your code accordingly.
[3.906s] [ext: omni.isaac.assets_check-0.3.13] startup
2026-04-28T09:52:50Z [3,899ms] [Warning] [omni.isaac.assets_check] omni.isaac.assets_check has been deprecated in favor of isaacsim.asset.browser. Please update your code accordingly.
[3.908s] [ext: isaacsim.gui.sensors.icon-2.0.3] startup
[3.918s] [ext: isaacsim.asset.importer.mjcf-2.5.13] startup
[3.923s] [ext: omni.sensors.nv.common-3.0.0] startup
[3.930s] [ext: isaacsim.sensors.physics-0.4.3] startup
[3.934s] [ext: omni.sensors.net-1.0.0] startup
[3.937s] [ext: omni.isaac.nucleus-1.0.6] startup
2026-04-28T09:52:50Z [3,928ms] [Warning] [omni.isaac.nucleus] omni.isaac.nucleus has been deprecated in favor of isaacsim.storage.native. Please update your code accordingly.
2026-04-28T09:52:50Z [3,929ms] [Warning] [omni.isaac.nucleus.nucleus] omni.isaac.nucleus.nucleus has been deprecated in favor of isaacsim.storage.native. Please update your code accordingly.
[3.938s] [ext: omni.sensors.nv.materials-2.0.0] startup
[3.942s] [ext: isaacsim.robot.policy.examples-4.1.11] startup
[3.946s] [ext: omni.sensors.nv.wpm-3.0.0] startup
[3.948s] [ext: omni.sensors.nv.lidar-3.0.0] startup
[3.953s] [ext: isaacsim.util.debug_draw-3.1.0] startup
[3.955s] [ext: omni.sensors.nv.radar-3.0.0] startup
[3.958s] [ext: omni.sensors.nv.ids-2.0.0] startup
[3.959s] [ext: isaacsim.core.cloner-1.4.10] startup
[3.961s] [ext: isaacsim.sensors.physx-2.3.2] startup
[3.964s] [ext: isaacsim.sensors.rtx-15.8.4] startup
[3.971s] [ext: isaacsim.sensors.camera-1.3.6] startup
[3.980s] [ext: omni.isaac.quadruped-3.0.7] startup
2026-04-28T09:52:50Z [3,972ms] [Warning] [omni.isaac.quadruped] omni.isaac.quadruped has been deprecated in favor of isaacsim.robot.policy.examples. Please update your code accordingly.
[3.981s] [ext: omni.isaac.cloner-1.0.7] startup
2026-04-28T09:52:50Z [3,974ms] [Warning] [omni.isaac.cloner] omni.isaac.cloner has been deprecated in favor of isaacsim.core.cloner. Please update your code accordingly.
[3.985s] [ext: omni.isaac.range_sensor-4.0.6] startup
2026-04-28T09:52:50Z [3,977ms] [Warning] [omni.isaac.range_sensor] omni.isaac.range_sensor has been deprecated in favor of isaacsim.sensors.physx. Please update your code accordingly.
2026-04-28T09:52:50Z [3,977ms] [Warning] [omni.isaac.range_sensor.commands] omni.isaac.range_sensor.commands has been deprecated in favor of isaacsim.sensors.physx.commands. Please update your code accordingly.
[3.988s] [ext: omni.isaac.sensor-13.0.7] startup
2026-04-28T09:52:50Z [3,981ms] [Warning] [omni.isaac.sensor] omni.isaac.sensor has been deprecated in favor of isaacsim.sensors.camera, isaacsim.sensors.physics, isaacsim.sensors.physx, and isaacsim.sensors.rtx. Please update your code accordingly.
2026-04-28T09:52:50Z [3,981ms] [Warning] [omni.isaac.sensor.camera] omni.isaac.sensor.camera has been deprecated in favor of isaacsim.sensors.camera.camera. Please update your code accordingly.
2026-04-28T09:52:50Z [3,981ms] [Warning] [omni.isaac.sensor.camera_view] omni.isaac.sensor.camera_view has been deprecated in favor of isaacsim.sensors.camera.camera_view. Please update your code accordingly.
2026-04-28T09:52:50Z [3,981ms] [Warning] [omni.isaac.sensor.commands] omni.isaac.sensor.commands has been deprecated in favor of isaacsim.sensors.physics.commands, isaacsim.sensors.physx.commands, and isaacsim.sensors.rtx.commands. Please update your code accordingly.
2026-04-28T09:52:50Z [3,981ms] [Warning] [omni.isaac.sensor.contact_sensor] omni.isaac.sensor.contact_sensor has been deprecated in favor of isaacsim.sensors.physics.contact_sensor. Please update your code accordingly.
2026-04-28T09:52:50Z [3,981ms] [Warning] [omni.isaac.sensor.imu_sensor] omni.isaac.sensor.imu_sensor has been deprecated in favor of isaacsim.sensors.physics.imu_sensor. Please update your code accordingly.
2026-04-28T09:52:50Z [3,982ms] [Warning] [omni.isaac.sensor.lidar_rtx] omni.isaac.sensor.lidar_rtx has been deprecated in favor of isaacsim.sensors.rtx.lidar_rtx. Please update your code accordingly.
2026-04-28T09:52:50Z [3,982ms] [Warning] [omni.isaac.sensor.rotating_lidar_physX] omni.isaac.sensor.imu_sensor has been deprecated in favor of isaacsim.sensors.physix.rotating_lidar_physX. Please update your code accordingly.
2026-04-28T09:52:50Z [3,984ms] [Warning] [omni.isaac.sensor.scripts.samples.contact_sensor] omni.isaac.sensor.scripts.samples.contact_sensor has been deprecated in favor of isaacsim.sensors.physics.scripts.samples.contact_sensor. Please update your code accordingly.
2026-04-28T09:52:50Z [3,984ms] [Warning] [omni.isaac.sensor.scripts.samples.imu_sensor] omni.isaac.sensor.scripts.samples.imu_sensor has been deprecated in favor of isaacsim.sensors.physics.scripts.samples.imu_sensor. Please update your code accordingly.
2026-04-28T09:52:50Z [3,984ms] [Warning] [omni.isaac.sensor.scripts.samples.lightbeam_sensor] omni.isaac.sensor.scripts.samples.lightbeam_sensor has been deprecated in favor of isaacsim.sensors.physx.scripts.samples.lightbeam_sensor. Please update your code accordingly.
[3.993s] [ext: omni.kit.menu.create-2.0.1] startup
[3.995s] [ext: omni.kit.widget.toolbar-2.0.1] startup
[4.006s] [ext: omni.kit.manipulator.transform-107.0.0] startup
[4.009s] [ext: omni.isaac.core-4.0.7] startup
2026-04-28T09:52:50Z [4,001ms] [Warning] [omni.isaac.core.physics_context.physics_context] omni.isaac.core.physics_context.physics_context has been deprecated in favor of isaacsim.core.api.physics_context.physics_context. Please update your code accordingly.
2026-04-28T09:52:50Z [4,001ms] [Warning] [omni.isaac.core.simulation_context.simulation_context] omni.isaac.core.simulation_context.simulation_context has been deprecated in favor of isaacsim.core.api.simulation_context.simulation_context. Please update your code accordingly.
2026-04-28T09:52:50Z [4,001ms] [Warning] [omni.isaac.core.world.world] omni.isaac.core.world.world has been deprecated in favor of isaacsim.core.api.world.world. Please update your code accordingly.
2026-04-28T09:52:50Z [4,001ms] [Warning] [omni.isaac.core] omni.isaac.core has been deprecated in favor of isaacsim.core.api. Please update your code accordingly.
[4.010s] [ext: omni.kit.scripting-107.3.2] startup
[4.016s] [ext: omni.kit.manipulator.tool.snap-1.5.13] startup
[4.020s] [ext: omni.kit.manipulator.selector-1.1.3] startup
[4.021s] [ext: isaacsim.app.about-2.0.11] startup
[4.025s] [ext: isaacsim.replicator.behavior-1.1.16] startup
[4.026s] [ext: omni.kit.viewport.manipulator.transform-107.0.4] startup
[4.028s] [ext: omni.isaac.window.about-2.0.7] startup
2026-04-28T09:52:50Z [4,021ms] [Warning] [omni.isaac.window.about] omni.isaac.window.about has been deprecated in favor of isaacsim.app.about. Please update your code accordingly.
2026-04-28T09:52:50Z [4,021ms] [Warning] [omni.isaac.window.about.about] omni.isaac.window.about.about has been deprecated in favor of isaacsim.app.about.about. Please update your code accordingly.
[4.030s] [ext: omni.fabric.commands-1.1.6] startup
[4.032s] [ext: omni.kit.manipulator.prim.core-107.0.8] startup
[4.037s] [ext: omni.kit.property.audio-1.0.16] startup
[4.039s] [ext: omni.kit.property.camera-1.0.10] startup
[4.040s] [ext: omni.kit.property.geometry-2.0.4] startup
[4.042s] [ext: omni.hydra.scene_api-0.1.2] startup
[4.046s] [ext: omni.kit.property.light-1.0.12] startup
[4.070s] [ext: omni.kit.manipulator.prim.fabric-107.0.4] startup
[4.072s] [ext: omni.kit.manipulator.prim.usd-107.0.3] startup
[4.073s] [ext: omni.kit.property.material-1.11.9] startup
[4.078s] [ext: omni.kit.property.render-1.2.1] startup
[4.079s] [ext: omni.kit.property.transform-1.5.13] startup
[4.082s] [ext: isaacsim.gui.property-1.1.3] startup
[4.084s] [ext: omni.kit.manipulator.camera-106.0.4] startup
[4.087s] [ext: omni.kit.manipulator.prim-107.0.0] startup
[4.087s] [ext: omni.isaac.surface_gripper-2.0.6] startup
2026-04-28T09:52:50Z [4,078ms] [Warning] [omni.isaac.surface_gripper] omni.isaac.surface_gripper has been deprecated in favor of isaacsim.robot.surface_gripper. Please update your code accordingly.
[4.088s] [ext: omni.kit.manipulator.selection-106.0.1] startup
[4.091s] [ext: omni.kit.property.bundle-1.4.1] startup
[4.092s] [ext: omni.kit.property.isaac-1.0.6] startup
2026-04-28T09:52:50Z [4,084ms] [Warning] [omni.kit.property.isaac] omni.kit.property.isaac has been deprecated in favor of isaacsim.gui.property. Please update your code accordingly.
2026-04-28T09:52:50Z [4,084ms] [Warning] [omni.kit.property.isaac.widgets] omni.kit.property.isaac.widgets has been deprecated in favor of isaacsim.gui.property.widgets. Please update your code accordingly.
[4.093s] [ext: omni.isaac.universal_robots-1.0.6] startup
2026-04-28T09:52:50Z [4,085ms] [Warning] [omni.isaac.universal_robots] omni.isaac.universal_robots has been deprecated in favor of isaacsim.robot.manipulators.examples.universal_robots. Please update your code accordingly.
2026-04-28T09:52:50Z [4,085ms] [Warning] [omni.isaac.universal_robots.kinematics_solver] omni.isaac.franka has been deprecated in favor of isaacsim.robot.manipulators.examples.universal_robots. Please update your code accordingly.
2026-04-28T09:52:50Z [4,085ms] [Warning] [omni.isaac.universal_robots.ur10] omni.isaac.franka has been deprecated in favor of isaacsim.robot.manipulators.examples.universal_robots. Please update your code accordingly.
[4.094s] [ext: omni.isaac.core_nodes-2.0.6] startup
2026-04-28T09:52:50Z [4,087ms] [Warning] [omni.isaac.core_nodes] omni.isaac.core_nodes has been deprecated in favor of isaacsim.core.nodes. Please update your code accordingly.
[4.096s] [ext: omni.kit.viewport.menubar.camera-107.0.6] startup
[4.102s] [ext: omni.kit.viewport.menubar.lighting-107.3.1] startup
[4.106s] [ext: isaacsim.replicator.writers-1.0.17] startup
[4.115s] [ext: omni.kit.viewport.menubar.render-107.0.10] startup
[4.120s] [ext: omni.kit.viewport.menubar.settings-107.0.3] startup
[4.124s] [ext: omni.kit.window.console-1.1.4] startup
[4.129s] [ext: isaacsim.replicator.domain_randomization-1.0.16] startup
[4.131s] [ext: isaacsim.replicator.examples-1.3.6] startup
[4.134s] [ext: omni.ocio-0.1.1] startup
[4.136s] [ext: omni.rtx.window.settings-0.6.19] startup
[4.143s] [ext: omni.kit.window.status_bar-0.1.9] startup
[4.147s] [ext: omni.kit.window.toolbar-2.0.0] startup
[4.155s] [ext: omni.replicator.isaac-2.0.8] startup
2026-04-28T09:52:50Z [4,147ms] [Warning] [omni.replicator.isaac] omni.replicator.isaac has been deprecated in favor of isaacsim.replicator.domain_randomization, isaacsim.replicator.examples, isaacsim.replicator.writers. Please update your code accordingly.
[4.157s] [ext: omni.replicator.replicator_yaml-2.0.11] startup
[4.171s] [ext: omni.rtx.settings.core-0.6.5] startup
[4.175s] [ext: omni.usd.metrics.assembler.ui-107.3.1] startup
[4.185s] [ext: omni.isaac.utils-2.0.6] startup
[4.185s] [ext: semantics.schema.editor-2.0.2] startup
[4.190s] [ext: omni.kit.ui.actions-1.0.5] startup
[4.191s] [ext: semantics.schema.property-2.0.1] startup
[4.192s] [ext: omni.isaac.version-2.0.7] startup
2026-04-28T09:52:50Z [4,184ms] [Warning] [omni.isaac.version] omni.isaac.version has been deprecated in favor of isaacsim.core.version. Please update your code accordingly.
[4.194s] [ext: omni.isaac.cortex-1.0.5] startup
[4.195s] [ext: omni.anim.curve.core-1.3.1] startup
[4.202s] [ext: isaacsim.core.throttling-2.2.2] startup
[4.205s] [ext: omni.kit.menu.common-2.0.1] startup
[4.207s] [ext: isaacsim.exp.base-5.1.0] startup
[4.208s] [ext: isaacsim.exp.base.python-5.1.0] startup
[4.209s] Simulation App Starting
2026-04-28T09:52:51Z [4,362ms] [Warning] [omni.fabric.plugin] Warning: attribute viewportHandle not found for bucket id 9

[4.464s] app ready
[6.630s] Simulation App Startup Complete
2026-04-28T09:52:53Z [6,842ms] [Warning] [omni.fabric.plugin] getAttributeCount called on non-existent path /World/RobotRight/orcahand_right_flattened_v1b/world/collisions/right_collision_tower_text_mesh
2026-04-28T09:52:53Z [6,842ms] [Warning] [omni.fabric.plugin] getTypes called on non-existent path /World/RobotRight/orcahand_right_flattened_v1b/world/collisions/right_collision_tower_text_mesh
2026-04-28T09:52:54Z [7,511ms] [Warning] [rtx.postprocessing.plugin] DLSS increasing input dimensions: Render resolution of (320, 240) is below minimal input resolution of 300.
2026-04-28T09:52:57Z [10,615ms] [Warning] [carb] Client gpu.foundation.plugin has acquired [gpu::unstable::IMemoryBudgetManagerFactory v0.1] 100 times. Consider accessing this interface with carb::getCachedInterface() (Performance warning)
[425.898s] Simulation App Shutting Down
[run_all] (fallback rename) outputs/20250804_104715_overlay_a0.50_qpos_duck_vda.mp4 -> experiments/hand_offset/outputs/v2_ee_y_pos15mm.mp4

============================================================
[run_all] v3_ee_y_neg15mm
============================================================
[Info] [carb] Logging to file: /home/shinben0327/miniconda3/envs/3dv/lib/python3.11/site-packages/isaacsim/kit/logs/Kit/Isaac-Sim Python/5.1/kit_20260428_115954.log
2026-04-28T09:59:54Z [0ms] [Warning] [carb.crashreporter-breakpad.plugin] [previous crash] preventing upload of minidump due to user opt-out: '/home/shinben0327/miniconda3/envs/3dv/lib/python3.11/site-packages/isaacsim/kit/data/Kit/Isaac-Sim Python/5.1/eff7d5d5-1367-40aa-750f2da2-5077d85b.dmp'
2026-04-28T09:59:54Z [1ms] [Warning] [carb.crashreporter-breakpad.plugin] [previous crash] preventing upload of minidump due to user opt-out: '/home/shinben0327/miniconda3/envs/3dv/lib/python3.11/site-packages/isaacsim/kit/data/Kit/Isaac-Sim Python/5.1/78516c7e-9a77-435e-ea4991b8-4568510e.dmp'
[0.032s] [ext: omni.kit.async_engine-0.0.3] startup
[0.096s] [ext: omni.metrics.core-0.0.3] startup
[0.096s] [ext: omni.client.lib-1.1.0] startup
[0.106s] [ext: omni.blobkey-1.1.2] startup
[0.106s] [ext: omni.stats-1.0.1] startup
[0.107s] [ext: omni.datastore-0.0.0] startup
[0.111s] [ext: omni.client-1.3.0] startup
[0.164s] [ext: omni.ujitso.default-1.0.0] startup
[0.166s] [ext: omni.hsscclient-1.1.2] startup
[0.169s] [ext: omni.gpu_foundation.shadercache.vulkan-1.0.0] startup
[0.171s] [ext: omni.assets.plugins-0.0.0] startup
[0.172s] [ext: omni.gpu_foundation-0.0.0] startup
[0.177s] [ext: carb.windowing.plugins-1.0.0] startup
[0.183s] [ext: omni.kit.renderer.init-0.0.0] startup

|---------------------------------------------------------------------------------------------|
| Driver Version: 580.126.09    | Graphics API: Vulkan
|=============================================================================================|
| GPU | Name                             | Active | LDA | GPU Memory | Vendor-ID | LUID       |
|     |                                  |        |     |            | Device-ID | UUID       |
|     |                                  |        |     |            | Bus-ID    |            |
|---------------------------------------------------------------------------------------------|
| 0   | NVIDIA GeForce RTX 4060 Laptop.. | Yes: 0 |     | 8188    MB | 10de      | 0          |
|     |                                  |        |     |            | 28e0      | 67d90d8d.. |
|     |                                  |        |     |            | 1         |            |
|=============================================================================================|
| OS: 24.04.4 LTS (Noble Numbat) ubuntu, Version: 24.04.4, Kernel: 6.17.0-22-generic
| XServer Vendor: The X.Org Foundation, XServer Version: 12101011 (1.21.1.11)
| Processor: 13th Gen Intel(R) Core(TM) i7-13700H
| Bare Metal Cores: 14 | Bare Metal Logical Cores: 28
| Available Cores:  20 
|---------------------------------------------------------------------------------------------|
| Total Memory (MB): 31887 | Free Memory: 17075
| Total Page/Swap (MB): 8191 | Free Page/Swap: 4448
|---------------------------------------------------------------------------------------------|
2026-04-28T09:59:54Z [709ms] [Warning] [gpu.foundation.plugin] CPU performance profile is set to powersave. This profile sets the CPU to the lowest frequency reducing performance.
[0.841s] [ext: omni.materialx.libs-1.0.7] startup
[0.846s] [ext: omni.kit.telemetry-0.5.2] startup
[0.862s] [ext: omni.usd.config-1.0.6] startup
[0.864s] [ext: omni.gpucompute.plugins-0.0.0] startup
[0.865s] [ext: omni.usd.libs-1.0.1] startup
[0.928s] [ext: omni.kit.loop-isaac-1.3.7] startup
[0.929s] [ext: omni.kit.test-2.0.1] startup
[0.961s] [ext: omni.mdl-56.0.3] startup
[0.975s] [ext: omni.iray.libs-0.0.0] startup
[0.979s] [ext: omni.mdl.neuraylib-0.2.12] startup
[0.980s] [ext: omni.kit.usd.mdl-1.1.5] startup
[1.042s] [ext: omni.kit.pipapi-0.0.0] startup
[1.043s] [ext: omni.appwindow-1.1.10] startup
[1.046s] [ext: omni.kit.renderer.core-1.1.0] startup
[1.142s] [ext: omni.kit.renderer.capture-0.0.0] startup
[1.144s] [ext: omni.kit.renderer.imgui-2.0.5] startup
[1.238s] [ext: omni.ui-2.27.1] startup
[1.245s] [ext: omni.kit.mainwindow-1.0.3] startup
[1.246s] [ext: carb.audio-0.1.0] startup
[1.249s] [ext: omni.uiaudio-1.0.0] startup
[1.250s] [ext: omni.kit.uiapp-0.0.0] startup
[1.250s] [ext: omni.usd.schema.metrics.assembler-107.3.1] startup
[1.251s] [ext: omni.usd.schema.physx-107.3.26] startup
[1.275s] [ext: omni.usd.schema.geospatial-0.0.0] startup
[1.277s] [ext: omni.usd.schema.audio-0.0.0] startup
[1.279s] [ext: omni.usd.schema.anim-0.0.0] startup
[1.294s] [ext: omni.usd.schema.flow-107.1.1] startup
[1.295s] [ext: omni.usd_resolver-1.0.0] startup
[1.297s] [ext: omni.usd.core-1.5.3] startup
[1.299s] [ext: omni.usd.schema.omni_sensors-0.0.0] startup
[1.316s] [ext: omni.usd.schema.semantics-0.0.0] startup
[1.318s] [ext: omni.usd.schema.omniscripting-1.0.0] startup
[1.321s] [ext: omni.usd.schema.omni_lens_distortion-0.0.0] startup
[1.321s] [ext: omni.usd.schema.omnigraph-1.0.0] startup
[1.325s] [ext: omni.kit.window.popup_dialog-2.0.24] startup
[1.328s] [ext: omni.graph.exec-0.9.6] startup
[1.328s] [ext: omni.kit.widget.nucleus_connector-2.0.1] startup
[1.329s] [ext: omni.kit.usd_undo-0.1.8] startup
[1.330s] [ext: omni.kit.exec.core-0.13.4] startup
[1.331s] [ext: omni.kit.actions.core-1.0.0] startup
[1.332s] [ext: omni.resourcemonitor-107.0.1] startup
[1.333s] [ext: omni.activity.core-1.0.3] startup
[1.334s] [ext: omni.timeline-1.0.14] startup
[1.336s] [ext: omni.kit.commands-1.4.10] startup
[1.338s] [ext: usdrt.scenegraph-7.6.1] startup
[1.364s] [ext: omni.kit.audiodeviceenum-1.0.2] startup
[1.365s] [ext: omni.hydra.usdrt_delegate-7.5.1] startup
[1.369s] [ext: omni.hydra.scene_delegate-0.3.4] startup
[1.373s] [ext: omni.usd-1.13.10] startup
[1.393s] [ext: omni.inspect-1.0.2] startup
[1.394s] [ext: omni.kit.notification_manager-1.0.10] startup
[1.395s] [ext: omni.graph.core-2.184.5] startup
[1.396s] [ext: isaacsim.core.deprecation_manager-0.2.7] startup
[1.397s] [ext: omni.anim.graph.schema-107.3.3] startup
[1.401s] [ext: omni.usd.schema.isaac-3.0.5] startup
[1.401s] [ext: omni.anim.navigation.schema-107.3.3] startup
[1.403s] [ext: omni.kit.asset_converter-5.0.17] startup
[1.412s] [ext: isaacsim.robot.schema-3.6.0] startup
[1.418s] [ext: omni.usd.schema.render_settings.rtx-0.0.0] startup
[1.419s] [ext: omni.kit.menu.core-1.1.2] startup
[1.419s] [ext: omni.kit.widget.path_field-2.0.11] startup
[1.420s] [ext: omni.kit.widget.context_menu-1.2.5] startup
[1.420s] [ext: omni.kit.widget.browser_bar-2.0.10] startup
[1.421s] [ext: omni.kit.clipboard-1.0.5] startup
[1.421s] [ext: omni.kit.numpy.common-0.1.3] startup
[1.422s] [ext: omni.kit.widget.options_menu-1.1.6] startup
[1.424s] [ext: omni.kit.helper.file_utils-0.1.9] startup
[1.425s] [ext: omni.ui.scene-1.11.5] startup
[1.428s] [ext: omni.kit.widget.options_button-1.0.3] startup
[1.428s] [ext: omni.kit.widget.filebrowser-2.12.3] startup
[1.432s] [ext: omni.kit.usd.layers-2.2.11] startup
[1.437s] [ext: omni.kit.window.filepicker-2.13.4] startup
[1.446s] [ext: omni.kit.hotkeys.core-1.3.10] startup
[1.448s] [ext: omni.kit.context_menu-1.8.6] startup
[1.449s] [ext: omni.kit.property.adapter.core-1.0.2] startup
[1.450s] [ext: omni.kit.window.file_exporter-1.0.33] startup
[1.451s] [ext: omni.kit.widget.searchfield-1.1.8] startup
[1.452s] [ext: omni.kit.widget.filter-1.1.4] startup
[1.453s] [ext: omni.kit.widget.graph-2.0.0] startup
[1.456s] [ext: omni.kit.widget.stage-3.1.4] startup
[1.463s] [ext: omni.kit.property.adapter.usd-1.0.2] startup
[1.464s] [ext: omni.kit.property.adapter.fabric-1.0.3] startup
[1.464s] [ext: omni.kit.graph.delegate.default-1.2.3] startup
[1.465s] [ext: omni.kit.window.file_importer-1.1.18] startup
[1.465s] [ext: omni.kit.stage_template.core-1.1.22] startup
[1.466s] [ext: omni.kit.menu.utils-2.0.5] startup
[1.468s] [ext: omni.kit.window.file-2.0.5] startup
[1.470s] [ext: omni.kit.widget.highlight_label-1.0.3] startup
[1.471s] [ext: omni.kit.window.drop_support-1.0.5] startup
[1.471s] [ext: omni.kit.window.content_browser_registry-0.0.6] startup
[1.471s] [ext: omni.kit.window.property-1.12.1] startup
[1.473s] [ext: omni.kit.window.content_browser-3.1.3] startup
[1.480s] [ext: isaacsim.core.version-2.0.6] startup
[1.480s] [ext: omni.kit.property.usd-4.5.12] startup
[1.487s] [ext: omni.kit.graph.editor.core-1.5.3] startup
[1.488s] [ext: omni.kit.material.library-2.0.7] startup
[1.492s] [ext: omni.kit.graph.usd.commands-1.3.1] startup
[1.492s] [ext: omni.kvdb-107.3.26] startup
[1.493s] [ext: omni.usdphysics-107.3.26] startup
[1.495s] [ext: omni.physx.foundation-107.3.26] startup
[1.496s] [ext: omni.localcache-107.3.26] startup
[1.497s] [ext: omni.convexdecomposition-107.3.26] startup
[1.498s] [ext: omni.physics-107.3.26] startup
[1.500s] [ext: omni.physx.cooking-107.3.26] startup
[1.503s] [ext: omni.physics.stageupdate-107.3.26] startup
[1.504s] [ext: omni.physx-107.3.26] startup
[1.510s] [ext: omni.index.libs-380600.8087.0] startup
[1.510s] [ext: omni.physics.physx-107.3.26] startup
2026-04-28T09:59:55Z [1,500ms] [Warning] [carb] Acquiring non optional plugin interface which is not listed as dependency: [omni::physx::IPhysxBenchmarks v1.0] (plugin: <default plugin>), by client: omni.physics.physx.plugin. Add it to CARB_PLUGIN_IMPL_DEPS() macro of a client.
[1.512s] [ext: omni.index-1.0.1] startup
[1.512s] [ext: omni.volume-0.5.2] startup
[1.514s] [ext: omni.ujitso.client-0.0.0] startup
[1.514s] [ext: omni.hydra.rtx.shadercache.vulkan-1.0.0] startup
[1.515s] [ext: omni.kit.widget.searchable_combobox-1.0.6] startup
[1.516s] [ext: omni.hydra.rtx-1.0.0] startup
2026-04-28T09:59:55Z [1,517ms] [Warning] [omni.log] Source: omni.hydra was already registered.
[1.540s] [ext: omni.kit.widget.settings-1.2.6] startup
[1.542s] [ext: omni.kit.hydra_texture-1.4.6] startup
[1.544s] [ext: omni.graph.tools-1.79.2] startup
[1.559s] [ext: omni.kit.window.preferences-1.8.0] startup
[1.562s] [ext: omni.kit.widget.material_preview-1.0.16] startup
[1.563s] [ext: omni.graph-1.141.2] startup
[1.591s] [ext: omni.kit.window.material_graph-1.9.1] startup
[1.597s] [ext: omni.isaac.dynamic_control-2.0.7] startup
2026-04-28T09:59:55Z [1,590ms] [Warning] [omni.isaac.dynamic_control] omni.isaac.dynamic_control is deprecated as of Isaac Sim 4.5. No action is needed from end-users.
[1.601s] [ext: isaacsim.storage.native-1.5.1] startup
[1.603s] [ext: omni.graph.scriptnode-1.50.0] startup
[1.605s] [ext: omni.hydra.engine.stats-1.0.3] startup
[1.608s] [ext: omni.kit.viewport.legacy_gizmos-1.0.19] startup
[1.610s] [ext: omni.kit.raycast.query-1.1.0] startup
[1.615s] [ext: omni.graph.action_core-1.1.7] startup
[1.617s] [ext: omni.kit.viewport.scene_camera_model-1.0.6] startup
[1.620s] [ext: omni.graph.image.core-0.6.1] startup
[1.621s] [ext: omni.kit.widget.viewport-107.1.3] startup
[1.627s] [ext: omni.kit.viewport.registry-104.0.6] startup
[1.628s] [ext: omni.usd.metrics.assembler-107.3.1] startup
[1.631s] [ext: omni.kit.viewport.window-107.2.0] startup
[1.643s] [ext: omni.kit.viewport.menubar.core-107.2.1] startup
[1.652s] [ext: omni.graph.image.nodes-1.3.1] startup
[1.653s] [ext: omni.usd.metrics.assembler.physics-107.3.26] startup
[1.654s] [ext: omni.warp.core-1.8.2] startup
[1.795s] [ext: omni.kit.viewport.utility-1.1.2] startup
[1.796s] [ext: omni.physics.tensors-107.3.26] startup
[1.800s] [ext: omni.syntheticdata-0.6.13] startup
[1.817s] [ext: isaacsim.test.docstring-1.1.0] startup
[1.822s] [ext: isaacsim.core.utils-3.5.1] startup
[1.825s] [ext: omni.physx.tensors-107.3.26] startup
[1.829s] [ext: omni.graph.nodes-1.170.10] startup
[1.836s] [ext: omni.graph.action_nodes-1.50.4] startup
[1.842s] [ext: omni.kit.primitive.mesh-1.0.17] startup
[1.848s] [ext: isaacsim.core.simulation_manager-1.4.4] startup
[2.913s] [ext: omni.graph.ui_nodes-1.50.5] startup
[2.917s] [ext: omni.graph.action-1.130.0] startup
[2.918s] [ext: omni.kit.stage_templates-2.0.0] startup
[2.921s] [ext: isaacsim.core.prims-0.6.1] startup
[2.944s] [ext: omni.warp-1.8.2] startup
[2.949s] [ext: omni.videoencoding-0.1.2] startup
[2.952s] [ext: isaacsim.core.api-4.8.0] startup
[2.962s] [ext: isaacsim.core.experimental.utils-0.3.0] startup
[2.966s] [ext: omni.replicator.core-1.12.27] startup
2026-04-28T09:59:57Z [2,973ms] [Warning] [pxr.Semantics] pxr.Semantics is deprecated - please use Semantics instead
2026-04-28T09:59:57Z [3,076ms] [Warning] [omni.graph.core.plugin] Found duplicate of category 'Replicator' - was 'Annotators', adding 'Fabric Reader'
2026-04-28T09:59:57Z [3,076ms] [Warning] [omni.graph.core.plugin] Category 'Replicator' not accepted on node type 'omni.replicator.core.FabricReader' in extension 'omni.replicator.core'
2026-04-28T09:59:57Z [3,076ms] [Warning] [omni.replicator.core.scripts.extension] No material configuration file, adding configuration to material settings directly.
[3.089s] [ext: isaacsim.core.experimental.prims-0.8.1] startup
[3.122s] [ext: omni.kit.window.extensions-1.4.27] startup
[3.129s] [ext: isaacsim.core.experimental.objects-0.4.0] startup
[3.133s] [ext: omni.ui_query-1.1.8] startup
[3.136s] [ext: omni.kit.manipulator.viewport-107.0.1] startup
[3.138s] [ext: isaacsim.robot.surface_gripper-3.3.1] startup
[3.141s] [ext: omni.kit.ui_test-1.3.7] startup
[3.145s] [ext: omni.graph.visualization.nodes-2.1.3] startup
[3.156s] [ext: isaacsim.robot_motion.lula-4.0.8] startup
[3.162s] [ext: isaacsim.core.nodes-3.4.3] startup
[3.172s] [ext: isaacsim.gui.components-1.2.1] startup
[3.181s] [ext: isaacsim.robot_motion.motion_generation-8.0.26] startup
[3.198s] [ext: isaacsim.robot.manipulators-3.3.6] startup
[3.205s] [ext: isaacsim.core.experimental.materials-0.4.0] startup
[3.225s] [ext: isaacsim.robot.manipulators.examples-1.1.2] startup
[3.232s] [ext: isaacsim.cortex.framework-1.0.12] startup
[3.241s] [ext: isaacsim.cortex.behaviors-2.0.14] startup
[3.249s] [ext: omni.isaac.cortex.sample_behaviors-2.0.5] startup
2026-04-28T09:59:57Z [3,241ms] [Warning] [omni.isaac.cortex] omni.isaac.cortex has been deprecated in favor of isaacsim.cortex.framework. Please update your code accordingly.
2026-04-28T09:59:57Z [3,244ms] [Warning] [omni.isaac.cortex.sample_behaviors] omni.isaac.cortex.sample_behaviors has been deprecated in favor of isaacsim.cortex.behaviors. Please update your code accordingly.
[3.255s] [ext: omni.kit.widget.zoombar-1.0.6] startup
[3.261s] [ext: isaacsim.gui.content_browser-0.1.11] startup
[3.269s] [ext: omni.kit.browser.core-2.3.13] startup
[3.279s] [ext: omni.kit.widget.stage_icons-1.0.8] startup
[3.280s] [ext: omni.kit.widget.prompt-1.0.7] startup
[3.282s] [ext: omni.kit.usd.collect-2.4.5] startup
[3.284s] [ext: omni.kit.browser.folder.core-1.10.9] startup
[3.382s] [ext: omni.kit.window.stage-2.6.1] startup
[3.524s] [ext: omni.kit.usdz_export-1.0.9] startup
[3.569s] [ext: omni.kit.tool.collect-2.2.18] startup
[3.621s] [ext: omni.kit.menu.stage-1.2.7] startup
[3.623s] [ext: omni.kit.tool.asset_importer-4.3.2] startup
[3.628s] [ext: isaacsim.robot.wheeled_robots-4.0.24] startup
[3.634s] [ext: isaacsim.examples.browser-0.2.1] startup
[3.639s] [ext: isaacsim.asset.importer.urdf-2.4.30] startup
[3.706s] [ext: omni.isaac.wheeled_robots-3.0.7] startup
2026-04-28T09:59:57Z [3,697ms] [Warning] [omni.isaac.wheeled_robots] omni.isaac.wheeled_robots has been deprecated in favor of isaacsim.robot.wheeled_robots. Please update your code accordingly.
2026-04-28T09:59:57Z [3,697ms] [Warning] [omni.isaac.wheeled_robots.controllers] omni.isaac.wheeled_robots has been deprecated in favor of isaacsim.robot.wheeled_robots. Please update your code accordingly.
2026-04-28T09:59:57Z [3,698ms] [Warning] [omni.isaac.wheeled_robots.controllers.ackermann_controller] omni.isaac.wheeled_robots has been deprecated in favor of isaacsim.robot.wheeled_robots. Please update your code accordingly.
2026-04-28T09:59:57Z [3,698ms] [Warning] [omni.isaac.wheeled_robots.controllers.differential_controller] omni.isaac.wheeled_robots has been deprecated in favor of isaacsim.robot.wheeled_robots. Please update your code accordingly.
2026-04-28T09:59:57Z [3,699ms] [Warning] [omni.isaac.wheeled_robots.controllers.holonomic_controller] omni.isaac.wheeled_robots has been deprecated in favor of isaacsim.robot.wheeled_robots. Please update your code accordingly.
2026-04-28T09:59:57Z [3,700ms] [Warning] [omni.isaac.wheeled_robots.controllers.quintic_path_planner] omni.isaac.wheeled_robots has been deprecated in favor of isaacsim.robot.wheeled_robots. Please update your code accordingly.
2026-04-28T09:59:57Z [3,705ms] [Warning] [omni.isaac.wheeled_robots.controllers.stanley_control] omni.isaac.wheeled_robots has been deprecated in favor of isaacsim.robot.wheeled_robots. Please update your code accordingly.
2026-04-28T09:59:57Z [3,706ms] [Warning] [omni.isaac.wheeled_robots.controllers.wheel_base_pose_controller] omni.isaac.wheeled_robots has been deprecated in favor of isaacsim.robot.wheeled_robots. Please update your code accordingly.
2026-04-28T09:59:57Z [3,706ms] [Warning] [omni.isaac.wheeled_robots.impl] omni.isaac.wheeled_robots has been deprecated in favor of isaacsim.robot.wheeled_robots. Please update your code accordingly.
2026-04-28T09:59:57Z [3,706ms] [Warning] [omni.isaac.wheeled_robots.robots] omni.isaac.wheeled_robots has been deprecated in favor of isaacsim.robot.wheeled_robots. Please update your code accordingly.
2026-04-28T09:59:57Z [3,706ms] [Warning] [omni.isaac.wheeled_robots.robots.holonomic_robot_usd_setup] omni.isaac.wheeled_robots has been deprecated in favor of isaacsim.robot.wheeled_robots. Please update your code accordingly.
2026-04-28T09:59:57Z [3,706ms] [Warning] [omni.isaac.wheeled_robots.robots.wheeled_robot] omni.isaac.wheeled_robots has been deprecated in favor of isaacsim.robot.wheeled_robots. Please update your code accordingly.
[3.717s] [ext: isaacsim.simulation_app-2.12.2] startup
[3.718s] [ext: omni.isaac.franka-1.0.7] startup
2026-04-28T09:59:57Z [3,708ms] [Warning] [omni.isaac.franka] omni.isaac.franka has been deprecated in favor of isaacsim.robot.manipulators.examples.franka. Please update your code accordingly.
2026-04-28T09:59:57Z [3,708ms] [Warning] [omni.isaac.franka.franka] omni.isaac.franka has been deprecated in favor of isaacsim.robot.manipulators.examples.franka. Please update your code accordingly.
2026-04-28T09:59:58Z [3,722ms] [Warning] [omni.isaac.franka.kinematics_solver] omni.isaac.franka has been deprecated in favor of isaacsim.robot.manipulators.examples.franka. Please update your code accordingly.
[3.733s] [ext: omni.isaac.kit-2.0.6] startup
2026-04-28T09:59:58Z [3,723ms] [Warning] [omni.isaac.kit] omni.isaac.kit has been deprecated in favor of isaacsim.simulation_app. Please update your code accordingly.
[3.734s] [ext: omni.kit.selection-0.1.6] startup
[3.736s] [ext: omni.isaac.lula-4.0.6] startup
2026-04-28T09:59:58Z [3,725ms] [Warning] [omni.isaac.lula] omni.isaac.lula has been deprecated in favor of isaacsim.robot_motion.lula. Please update your code accordingly.
[3.736s] [ext: isaacsim.robot_motion.lula_test_widget-1.0.12] startup
[3.738s] [ext: isaacsim.asset.browser-1.3.23] startup
[3.776s] [ext: omni.kit.viewport.actions-107.0.2] startup
[3.780s] [ext: isaacsim.gui.menu-2.4.4] startup
[3.785s] [ext: omni.isaac.manipulators-3.0.7] startup
2026-04-28T09:59:58Z [3,775ms] [Warning] [omni.isaac.manipulators] omni.isaac.manipulators has been deprecated in favor of isaacsim.robot.manipulators. Please update your code accordingly.
2026-04-28T09:59:58Z [3,775ms] [Warning] [omni.isaac.manipulators.controllers] omni.isaac.manipulators has been deprecated in favor of isaacsim.robot.manipulators. Please update your code accordingly.
2026-04-28T09:59:58Z [3,775ms] [Warning] [omni.isaac.manipulators.controllers.pick_place_controller] omni.isaac.manipulators has been deprecated in favor of isaacsim.robot.manipulators. Please update your code accordingly.
2026-04-28T09:59:58Z [3,776ms] [Warning] [omni.isaac.manipulators.controllers.stacking_controller] omni.isaac.manipulators has been deprecated in favor of isaacsim.robot.manipulators. Please update your code accordingly.
2026-04-28T09:59:58Z [3,776ms] [Warning] [omni.isaac.manipulators.grippers] omni.isaac.manipulators has been deprecated in favor of isaacsim.robot.manipulators. Please update your code accordingly.
2026-04-28T09:59:58Z [3,776ms] [Warning] [omni.isaac.manipulators.grippers.gripper] omni.isaac.manipulators has been deprecated in favor of isaacsim.robot.manipulators. Please update your code accordingly.
2026-04-28T09:59:58Z [3,776ms] [Warning] [omni.isaac.manipulators.grippers.parallel_gripper] omni.isaac.manipulators has been deprecated in favor of isaacsim.robot.manipulators. Please update your code accordingly.
2026-04-28T09:59:58Z [3,776ms] [Warning] [omni.isaac.manipulators.grippers.surface_gripper] omni.isaac.manipulators has been deprecated in favor of isaacsim.robot.manipulators. Please update your code accordingly.
2026-04-28T09:59:58Z [3,776ms] [Warning] [omni.isaac.manipulators.manipulators] omni.isaac.manipulators has been deprecated in favor of isaacsim.robot.manipulators. Please update your code accordingly.
2026-04-28T09:59:58Z [3,776ms] [Warning] [omni.isaac.manipulators.manipulators.single_manipulator] omni.isaac.manipulators has been deprecated in favor of isaacsim.robot.manipulators. Please update your code accordingly.
[3.788s] [ext: omni.isaac.lula_test_widget-1.0.6] startup
2026-04-28T09:59:58Z [3,779ms] [Warning] [omni.isaac.lula_test_widget] omni.isaac.lula_test_widget has been deprecated in favor of isaacsim.robot_motion.lula_test_widget. Please update your code accordingly.
[3.790s] [ext: omni.isaac.asset_browser-1.0.6] startup
2026-04-28T09:59:58Z [3,781ms] [Warning] [omni.isaac.asset_browser] omni.isaac.asset_browser has been deprecated in favor of isaacsim.asset.browser. Please update your code accordingly.
[3.792s] [ext: omni.kit.viewport.menubar.display-107.0.3] startup
[3.797s] [ext: omni.isaac.menu-1.0.6] startup
2026-04-28T09:59:58Z [3,787ms] [Warning] [omni.isaac.menu] omni.isaac.menu has been deprecated in favor of isaacsim.gui.menu. Please update your code accordingly.
[3.798s] [ext: omni.isaac.motion_generation-8.0.7] startup
2026-04-28T09:59:58Z [3,789ms] [Warning] [omni.isaac.motion_generation] omni.isaac.motion_generation has been deprecated in favor of isaacsim.robot_motion.motion_generation. Please update your code accordingly.
2026-04-28T09:59:58Z [3,789ms] [Warning] [omni.isaac.motion_generation.articulation_kinematics_solver] omni.isaac.motion_generation has been deprecated in favor of isaacsim.robot_motion.motion_generation. Please update your code accordingly.
2026-04-28T09:59:58Z [3,789ms] [Warning] [omni.isaac.motion_generation.articulation_motion_policy] omni.isaac.motion_generation has been deprecated in favor of isaacsim.robot_motion.motion_generation. Please update your code accordingly.
2026-04-28T09:59:58Z [3,790ms] [Warning] [omni.isaac.motion_generation.articulation_trajectory] omni.isaac.motion_generation has been deprecated in favor of isaacsim.robot_motion.motion_generation. Please update your code accordingly.
2026-04-28T09:59:58Z [3,790ms] [Warning] [omni.isaac.motion_generation.kinematics_interface] omni.isaac.motion_generation has been deprecated in favor of isaacsim.robot_motion.motion_generation. Please update your code accordingly.
2026-04-28T09:59:58Z [3,790ms] [Warning] [omni.isaac.motion_generation.lula] omni.isaac.motion_generation has been deprecated in favor of isaacsim.robot_motion.motion_generation. Please update your code accordingly.
2026-04-28T09:59:58Z [3,790ms] [Warning] [omni.isaac.motion_generation.lula.kinematics] omni.isaac.motion_generation has been deprecated in favor of isaacsim.robot_motion.motion_generation. Please update your code accordingly.
2026-04-28T09:59:58Z [3,790ms] [Warning] [omni.isaac.motion_generation.lula.motion_policies] omni.isaac.motion_generation has been deprecated in favor of isaacsim.robot_motion.motion_generation. Please update your code accordingly.
2026-04-28T09:59:58Z [3,790ms] [Warning] [omni.isaac.motion_generation.lula.path_planners] omni.isaac.motion_generation has been deprecated in favor of isaacsim.robot_motion.motion_generation. Please update your code accordingly.
2026-04-28T09:59:58Z [3,790ms] [Warning] [omni.isaac.motion_generation.lula.trajectory_generator] omni.isaac.motion_generation has been deprecated in favor of isaacsim.robot_motion.motion_generation. Please update your code accordingly.
2026-04-28T09:59:58Z [3,790ms] [Warning] [omni.isaac.motion_generation.motion_policy_controller] omni.isaac.motion_generation has been deprecated in favor of isaacsim.robot_motion.motion_generation. Please update your code accordingly.
2026-04-28T09:59:58Z [3,790ms] [Warning] [omni.isaac.motion_generation.motion_policy_interface] omni.isaac.motion_generation has been deprecated in favor of isaacsim.robot_motion.motion_generation. Please update your code accordingly.
2026-04-28T09:59:58Z [3,790ms] [Warning] [omni.isaac.motion_generation.path_planner_visualizer] omni.isaac.motion_generation has been deprecated in favor of isaacsim.robot_motion.motion_generation. Please update your code accordingly.
2026-04-28T09:59:58Z [3,791ms] [Warning] [omni.isaac.motion_generation.path_planning_interface] omni.isaac.motion_generation has been deprecated in favor of isaacsim.robot_motion.motion_generation. Please update your code accordingly.
2026-04-28T09:59:58Z [3,791ms] [Warning] [omni.isaac.motion_generation.trajectory] omni.isaac.motion_generation has been deprecated in favor of isaacsim.robot_motion.motion_generation. Please update your code accordingly.
2026-04-28T09:59:58Z [3,791ms] [Warning] [omni.isaac.motion_generation.world_interface] omni.isaac.motion_generation has been deprecated in favor of isaacsim.robot_motion.motion_generation. Please update your code accordingly.
[3.802s] [ext: omni.isaac.assets_check-0.3.13] startup
2026-04-28T09:59:58Z [3,793ms] [Warning] [omni.isaac.assets_check] omni.isaac.assets_check has been deprecated in favor of isaacsim.asset.browser. Please update your code accordingly.
[3.804s] [ext: isaacsim.gui.sensors.icon-2.0.3] startup
[3.814s] [ext: isaacsim.asset.importer.mjcf-2.5.13] startup
[3.818s] [ext: omni.sensors.nv.common-3.0.0] startup
[3.825s] [ext: isaacsim.sensors.physics-0.4.3] startup
[3.830s] [ext: omni.sensors.net-1.0.0] startup
[3.832s] [ext: omni.isaac.nucleus-1.0.6] startup
2026-04-28T09:59:58Z [3,822ms] [Warning] [omni.isaac.nucleus] omni.isaac.nucleus has been deprecated in favor of isaacsim.storage.native. Please update your code accordingly.
2026-04-28T09:59:58Z [3,822ms] [Warning] [omni.isaac.nucleus.nucleus] omni.isaac.nucleus.nucleus has been deprecated in favor of isaacsim.storage.native. Please update your code accordingly.
[3.833s] [ext: omni.sensors.nv.materials-2.0.0] startup
[3.837s] [ext: isaacsim.robot.policy.examples-4.1.11] startup
[3.841s] [ext: omni.sensors.nv.wpm-3.0.0] startup
[3.842s] [ext: omni.sensors.nv.lidar-3.0.0] startup
[3.846s] [ext: isaacsim.util.debug_draw-3.1.0] startup
[3.849s] [ext: omni.sensors.nv.radar-3.0.0] startup
[3.852s] [ext: omni.sensors.nv.ids-2.0.0] startup
[3.854s] [ext: isaacsim.core.cloner-1.4.10] startup
[3.855s] [ext: isaacsim.sensors.physx-2.3.2] startup
[3.859s] [ext: isaacsim.sensors.rtx-15.8.4] startup
[3.865s] [ext: isaacsim.sensors.camera-1.3.6] startup
[3.870s] [ext: omni.isaac.quadruped-3.0.7] startup
2026-04-28T09:59:58Z [3,862ms] [Warning] [omni.isaac.quadruped] omni.isaac.quadruped has been deprecated in favor of isaacsim.robot.policy.examples. Please update your code accordingly.
[3.875s] [ext: omni.isaac.cloner-1.0.7] startup
2026-04-28T09:59:58Z [3,866ms] [Warning] [omni.isaac.cloner] omni.isaac.cloner has been deprecated in favor of isaacsim.core.cloner. Please update your code accordingly.
[3.879s] [ext: omni.isaac.range_sensor-4.0.6] startup
2026-04-28T09:59:58Z [3,870ms] [Warning] [omni.isaac.range_sensor] omni.isaac.range_sensor has been deprecated in favor of isaacsim.sensors.physx. Please update your code accordingly.
2026-04-28T09:59:58Z [3,870ms] [Warning] [omni.isaac.range_sensor.commands] omni.isaac.range_sensor.commands has been deprecated in favor of isaacsim.sensors.physx.commands. Please update your code accordingly.
[3.881s] [ext: omni.isaac.sensor-13.0.7] startup
2026-04-28T09:59:58Z [3,874ms] [Warning] [omni.isaac.sensor] omni.isaac.sensor has been deprecated in favor of isaacsim.sensors.camera, isaacsim.sensors.physics, isaacsim.sensors.physx, and isaacsim.sensors.rtx. Please update your code accordingly.
2026-04-28T09:59:58Z [3,874ms] [Warning] [omni.isaac.sensor.camera] omni.isaac.sensor.camera has been deprecated in favor of isaacsim.sensors.camera.camera. Please update your code accordingly.
2026-04-28T09:59:58Z [3,874ms] [Warning] [omni.isaac.sensor.camera_view] omni.isaac.sensor.camera_view has been deprecated in favor of isaacsim.sensors.camera.camera_view. Please update your code accordingly.
2026-04-28T09:59:58Z [3,874ms] [Warning] [omni.isaac.sensor.commands] omni.isaac.sensor.commands has been deprecated in favor of isaacsim.sensors.physics.commands, isaacsim.sensors.physx.commands, and isaacsim.sensors.rtx.commands. Please update your code accordingly.
2026-04-28T09:59:58Z [3,874ms] [Warning] [omni.isaac.sensor.contact_sensor] omni.isaac.sensor.contact_sensor has been deprecated in favor of isaacsim.sensors.physics.contact_sensor. Please update your code accordingly.
2026-04-28T09:59:58Z [3,874ms] [Warning] [omni.isaac.sensor.imu_sensor] omni.isaac.sensor.imu_sensor has been deprecated in favor of isaacsim.sensors.physics.imu_sensor. Please update your code accordingly.
2026-04-28T09:59:58Z [3,874ms] [Warning] [omni.isaac.sensor.lidar_rtx] omni.isaac.sensor.lidar_rtx has been deprecated in favor of isaacsim.sensors.rtx.lidar_rtx. Please update your code accordingly.
2026-04-28T09:59:58Z [3,874ms] [Warning] [omni.isaac.sensor.rotating_lidar_physX] omni.isaac.sensor.imu_sensor has been deprecated in favor of isaacsim.sensors.physix.rotating_lidar_physX. Please update your code accordingly.
2026-04-28T09:59:58Z [3,875ms] [Warning] [omni.isaac.sensor.scripts.samples.contact_sensor] omni.isaac.sensor.scripts.samples.contact_sensor has been deprecated in favor of isaacsim.sensors.physics.scripts.samples.contact_sensor. Please update your code accordingly.
2026-04-28T09:59:58Z [3,875ms] [Warning] [omni.isaac.sensor.scripts.samples.imu_sensor] omni.isaac.sensor.scripts.samples.imu_sensor has been deprecated in favor of isaacsim.sensors.physics.scripts.samples.imu_sensor. Please update your code accordingly.
2026-04-28T09:59:58Z [3,875ms] [Warning] [omni.isaac.sensor.scripts.samples.lightbeam_sensor] omni.isaac.sensor.scripts.samples.lightbeam_sensor has been deprecated in favor of isaacsim.sensors.physx.scripts.samples.lightbeam_sensor. Please update your code accordingly.
[3.886s] [ext: omni.kit.menu.create-2.0.1] startup
[3.889s] [ext: omni.kit.widget.toolbar-2.0.1] startup
[3.902s] [ext: omni.kit.manipulator.transform-107.0.0] startup
[3.906s] [ext: omni.isaac.core-4.0.7] startup
2026-04-28T09:59:58Z [3,896ms] [Warning] [omni.isaac.core.physics_context.physics_context] omni.isaac.core.physics_context.physics_context has been deprecated in favor of isaacsim.core.api.physics_context.physics_context. Please update your code accordingly.
2026-04-28T09:59:58Z [3,896ms] [Warning] [omni.isaac.core.simulation_context.simulation_context] omni.isaac.core.simulation_context.simulation_context has been deprecated in favor of isaacsim.core.api.simulation_context.simulation_context. Please update your code accordingly.
2026-04-28T09:59:58Z [3,896ms] [Warning] [omni.isaac.core.world.world] omni.isaac.core.world.world has been deprecated in favor of isaacsim.core.api.world.world. Please update your code accordingly.
2026-04-28T09:59:58Z [3,896ms] [Warning] [omni.isaac.core] omni.isaac.core has been deprecated in favor of isaacsim.core.api. Please update your code accordingly.
[3.907s] [ext: omni.kit.scripting-107.3.2] startup
[3.912s] [ext: omni.kit.manipulator.tool.snap-1.5.13] startup
[3.916s] [ext: omni.kit.manipulator.selector-1.1.3] startup
[3.917s] [ext: isaacsim.app.about-2.0.11] startup
[3.921s] [ext: isaacsim.replicator.behavior-1.1.16] startup
[3.922s] [ext: omni.kit.viewport.manipulator.transform-107.0.4] startup
[3.924s] [ext: omni.isaac.window.about-2.0.7] startup
2026-04-28T09:59:58Z [3,914ms] [Warning] [omni.isaac.window.about] omni.isaac.window.about has been deprecated in favor of isaacsim.app.about. Please update your code accordingly.
2026-04-28T09:59:58Z [3,914ms] [Warning] [omni.isaac.window.about.about] omni.isaac.window.about.about has been deprecated in favor of isaacsim.app.about.about. Please update your code accordingly.
[3.925s] [ext: omni.fabric.commands-1.1.6] startup
[3.928s] [ext: omni.kit.manipulator.prim.core-107.0.8] startup
[3.933s] [ext: omni.kit.property.audio-1.0.16] startup
[3.935s] [ext: omni.kit.property.camera-1.0.10] startup
[3.937s] [ext: omni.kit.property.geometry-2.0.4] startup
[3.939s] [ext: omni.hydra.scene_api-0.1.2] startup
[3.943s] [ext: omni.kit.property.light-1.0.12] startup
[3.961s] [ext: omni.kit.manipulator.prim.fabric-107.0.4] startup
[3.963s] [ext: omni.kit.manipulator.prim.usd-107.0.3] startup
[3.964s] [ext: omni.kit.property.material-1.11.9] startup
[3.968s] [ext: omni.kit.property.render-1.2.1] startup
[3.969s] [ext: omni.kit.property.transform-1.5.13] startup
[3.973s] [ext: isaacsim.gui.property-1.1.3] startup
[3.974s] [ext: omni.kit.manipulator.camera-106.0.4] startup
[3.978s] [ext: omni.kit.manipulator.prim-107.0.0] startup
[3.978s] [ext: omni.isaac.surface_gripper-2.0.6] startup
2026-04-28T09:59:58Z [3,967ms] [Warning] [omni.isaac.surface_gripper] omni.isaac.surface_gripper has been deprecated in favor of isaacsim.robot.surface_gripper. Please update your code accordingly.
[3.978s] [ext: omni.kit.manipulator.selection-106.0.1] startup
[3.980s] [ext: omni.kit.property.bundle-1.4.1] startup
[3.982s] [ext: omni.kit.property.isaac-1.0.6] startup
2026-04-28T09:59:58Z [3,972ms] [Warning] [omni.kit.property.isaac] omni.kit.property.isaac has been deprecated in favor of isaacsim.gui.property. Please update your code accordingly.
2026-04-28T09:59:58Z [3,972ms] [Warning] [omni.kit.property.isaac.widgets] omni.kit.property.isaac.widgets has been deprecated in favor of isaacsim.gui.property.widgets. Please update your code accordingly.
[3.983s] [ext: omni.isaac.universal_robots-1.0.6] startup
2026-04-28T09:59:58Z [3,973ms] [Warning] [omni.isaac.universal_robots] omni.isaac.universal_robots has been deprecated in favor of isaacsim.robot.manipulators.examples.universal_robots. Please update your code accordingly.
2026-04-28T09:59:58Z [3,973ms] [Warning] [omni.isaac.universal_robots.kinematics_solver] omni.isaac.franka has been deprecated in favor of isaacsim.robot.manipulators.examples.universal_robots. Please update your code accordingly.
2026-04-28T09:59:58Z [3,973ms] [Warning] [omni.isaac.universal_robots.ur10] omni.isaac.franka has been deprecated in favor of isaacsim.robot.manipulators.examples.universal_robots. Please update your code accordingly.
[3.984s] [ext: omni.isaac.core_nodes-2.0.6] startup
2026-04-28T09:59:58Z [3,975ms] [Warning] [omni.isaac.core_nodes] omni.isaac.core_nodes has been deprecated in favor of isaacsim.core.nodes. Please update your code accordingly.
[3.986s] [ext: omni.kit.viewport.menubar.camera-107.0.6] startup
[3.992s] [ext: omni.kit.viewport.menubar.lighting-107.3.1] startup
[3.994s] [ext: isaacsim.replicator.writers-1.0.17] startup
[4.004s] [ext: omni.kit.viewport.menubar.render-107.0.10] startup
[4.007s] [ext: omni.kit.viewport.menubar.settings-107.0.3] startup
[4.013s] [ext: omni.kit.window.console-1.1.4] startup
[4.018s] [ext: isaacsim.replicator.domain_randomization-1.0.16] startup
[4.020s] [ext: isaacsim.replicator.examples-1.3.6] startup
[4.021s] [ext: omni.ocio-0.1.1] startup
[4.024s] [ext: omni.rtx.window.settings-0.6.19] startup
[4.031s] [ext: omni.kit.window.status_bar-0.1.9] startup
[4.034s] [ext: omni.kit.window.toolbar-2.0.0] startup
[4.043s] [ext: omni.replicator.isaac-2.0.8] startup
2026-04-28T09:59:58Z [4,033ms] [Warning] [omni.replicator.isaac] omni.replicator.isaac has been deprecated in favor of isaacsim.replicator.domain_randomization, isaacsim.replicator.examples, isaacsim.replicator.writers. Please update your code accordingly.
[4.045s] [ext: omni.replicator.replicator_yaml-2.0.11] startup
[4.061s] [ext: omni.rtx.settings.core-0.6.5] startup
[4.065s] [ext: omni.usd.metrics.assembler.ui-107.3.1] startup
[4.073s] [ext: omni.isaac.utils-2.0.6] startup
[4.075s] [ext: semantics.schema.editor-2.0.2] startup
[4.078s] [ext: omni.kit.ui.actions-1.0.5] startup
[4.080s] [ext: semantics.schema.property-2.0.1] startup
[4.081s] [ext: omni.isaac.version-2.0.7] startup
2026-04-28T09:59:58Z [4,071ms] [Warning] [omni.isaac.version] omni.isaac.version has been deprecated in favor of isaacsim.core.version. Please update your code accordingly.
[4.082s] [ext: omni.isaac.cortex-1.0.5] startup
[4.083s] [ext: omni.anim.curve.core-1.3.1] startup
[4.090s] [ext: isaacsim.core.throttling-2.2.2] startup
[4.092s] [ext: omni.kit.menu.common-2.0.1] startup
[4.094s] [ext: isaacsim.exp.base-5.1.0] startup
[4.095s] [ext: isaacsim.exp.base.python-5.1.0] startup
[4.096s] Simulation App Starting
2026-04-28T09:59:58Z [4,243ms] [Warning] [omni.fabric.plugin] Warning: attribute viewportHandle not found for bucket id 9

[4.351s] app ready
[6.543s] Simulation App Startup Complete
2026-04-28T10:00:01Z [6,751ms] [Warning] [omni.fabric.plugin] getAttributeCount called on non-existent path /World/RobotRight/orcahand_right_flattened_v1b/world/collisions/right_collision_tower_text_mesh
2026-04-28T10:00:01Z [6,751ms] [Warning] [omni.fabric.plugin] getTypes called on non-existent path /World/RobotRight/orcahand_right_flattened_v1b/world/collisions/right_collision_tower_text_mesh
2026-04-28T10:00:01Z [7,403ms] [Warning] [rtx.postprocessing.plugin] DLSS increasing input dimensions: Render resolution of (320, 240) is below minimal input resolution of 300.
2026-04-28T10:00:04Z [10,589ms] [Warning] [carb] Client gpu.foundation.plugin has acquired [gpu::unstable::IMemoryBudgetManagerFactory v0.1] 100 times. Consider accessing this interface with carb::getCachedInterface() (Performance warning)
[423.218s] Simulation App Shutting Down
[run_all] (fallback rename) outputs/20250804_104715_overlay_a0.50_qpos_duck_vda.mp4 -> experiments/hand_offset/outputs/v3_ee_y_neg15mm.mp4

============================================================
[run_all] v4_ee_x_pos20mm
============================================================
[Info] [carb] Logging to file: /home/shinben0327/miniconda3/envs/3dv/lib/python3.11/site-packages/isaacsim/kit/logs/Kit/Isaac-Sim Python/5.1/kit_20260428_120658.log
2026-04-28T10:06:58Z [0ms] [Warning] [carb.crashreporter-breakpad.plugin] [previous crash] preventing upload of minidump due to user opt-out: '/home/shinben0327/miniconda3/envs/3dv/lib/python3.11/site-packages/isaacsim/kit/data/Kit/Isaac-Sim Python/5.1/eff7d5d5-1367-40aa-750f2da2-5077d85b.dmp'
2026-04-28T10:06:58Z [1ms] [Warning] [carb.crashreporter-breakpad.plugin] [previous crash] preventing upload of minidump due to user opt-out: '/home/shinben0327/miniconda3/envs/3dv/lib/python3.11/site-packages/isaacsim/kit/data/Kit/Isaac-Sim Python/5.1/78516c7e-9a77-435e-ea4991b8-4568510e.dmp'
[0.032s] [ext: omni.kit.async_engine-0.0.3] startup
[0.090s] [ext: omni.metrics.core-0.0.3] startup
[0.090s] [ext: omni.client.lib-1.1.0] startup
[0.100s] [ext: omni.blobkey-1.1.2] startup
[0.100s] [ext: omni.stats-1.0.1] startup
[0.101s] [ext: omni.datastore-0.0.0] startup
[0.105s] [ext: omni.client-1.3.0] startup
[0.159s] [ext: omni.ujitso.default-1.0.0] startup
[0.160s] [ext: omni.hsscclient-1.1.2] startup
[0.163s] [ext: omni.gpu_foundation.shadercache.vulkan-1.0.0] startup
[0.165s] [ext: omni.assets.plugins-0.0.0] startup
[0.166s] [ext: omni.gpu_foundation-0.0.0] startup
[0.173s] [ext: carb.windowing.plugins-1.0.0] startup
[0.183s] [ext: omni.kit.renderer.init-0.0.0] startup

|---------------------------------------------------------------------------------------------|
| Driver Version: 580.126.09    | Graphics API: Vulkan
|=============================================================================================|
| GPU | Name                             | Active | LDA | GPU Memory | Vendor-ID | LUID       |
|     |                                  |        |     |            | Device-ID | UUID       |
|     |                                  |        |     |            | Bus-ID    |            |
|---------------------------------------------------------------------------------------------|
| 0   | NVIDIA GeForce RTX 4060 Laptop.. | Yes: 0 |     | 8188    MB | 10de      | 0          |
|     |                                  |        |     |            | 28e0      | 67d90d8d.. |
|     |                                  |        |     |            | 1         |            |
|=============================================================================================|
| OS: 24.04.4 LTS (Noble Numbat) ubuntu, Version: 24.04.4, Kernel: 6.17.0-22-generic
| XServer Vendor: The X.Org Foundation, XServer Version: 12101011 (1.21.1.11)
| Processor: 13th Gen Intel(R) Core(TM) i7-13700H
| Bare Metal Cores: 14 | Bare Metal Logical Cores: 28
| Available Cores:  20 
|---------------------------------------------------------------------------------------------|
| Total Memory (MB): 31887 | Free Memory: 17001
| Total Page/Swap (MB): 8191 | Free Page/Swap: 4448
|---------------------------------------------------------------------------------------------|
2026-04-28T10:06:59Z [716ms] [Warning] [gpu.foundation.plugin] CPU performance profile is set to powersave. This profile sets the CPU to the lowest frequency reducing performance.
[1.049s] [ext: omni.materialx.libs-1.0.7] startup
[1.055s] [ext: omni.kit.telemetry-0.5.2] startup
[1.071s] [ext: omni.usd.config-1.0.6] startup
[1.073s] [ext: omni.gpucompute.plugins-0.0.0] startup
[1.074s] [ext: omni.usd.libs-1.0.1] startup
[1.142s] [ext: omni.kit.loop-isaac-1.3.7] startup
[1.143s] [ext: omni.kit.test-2.0.1] startup
[1.176s] [ext: omni.mdl-56.0.3] startup
[1.190s] [ext: omni.iray.libs-0.0.0] startup
[1.195s] [ext: omni.mdl.neuraylib-0.2.12] startup
[1.196s] [ext: omni.kit.usd.mdl-1.1.5] startup
[1.262s] [ext: omni.kit.pipapi-0.0.0] startup
[1.263s] [ext: omni.appwindow-1.1.10] startup
[1.266s] [ext: omni.kit.renderer.core-1.1.0] startup
[1.368s] [ext: omni.kit.renderer.capture-0.0.0] startup
[1.369s] [ext: omni.kit.renderer.imgui-2.0.5] startup
[1.465s] [ext: omni.ui-2.27.1] startup
[1.472s] [ext: omni.kit.mainwindow-1.0.3] startup
[1.473s] [ext: carb.audio-0.1.0] startup
[1.476s] [ext: omni.uiaudio-1.0.0] startup
[1.477s] [ext: omni.kit.uiapp-0.0.0] startup
[1.477s] [ext: omni.usd.schema.metrics.assembler-107.3.1] startup
[1.478s] [ext: omni.usd.schema.physx-107.3.26] startup
[1.502s] [ext: omni.usd.schema.geospatial-0.0.0] startup
[1.504s] [ext: omni.usd.schema.audio-0.0.0] startup
[1.506s] [ext: omni.usd.schema.anim-0.0.0] startup
[1.521s] [ext: omni.usd.schema.flow-107.1.1] startup
[1.521s] [ext: omni.usd_resolver-1.0.0] startup
[1.524s] [ext: omni.usd.core-1.5.3] startup
[1.526s] [ext: omni.usd.schema.omni_sensors-0.0.0] startup
[1.542s] [ext: omni.usd.schema.semantics-0.0.0] startup
[1.544s] [ext: omni.usd.schema.omniscripting-1.0.0] startup
[1.548s] [ext: omni.usd.schema.omni_lens_distortion-0.0.0] startup
[1.548s] [ext: omni.usd.schema.omnigraph-1.0.0] startup
[1.552s] [ext: omni.kit.window.popup_dialog-2.0.24] startup
[1.555s] [ext: omni.graph.exec-0.9.6] startup
[1.555s] [ext: omni.kit.widget.nucleus_connector-2.0.1] startup
[1.557s] [ext: omni.kit.usd_undo-0.1.8] startup
[1.557s] [ext: omni.kit.exec.core-0.13.4] startup
[1.558s] [ext: omni.kit.actions.core-1.0.0] startup
[1.559s] [ext: omni.resourcemonitor-107.0.1] startup
[1.561s] [ext: omni.activity.core-1.0.3] startup
[1.561s] [ext: omni.timeline-1.0.14] startup
[1.563s] [ext: omni.kit.commands-1.4.10] startup
[1.565s] [ext: usdrt.scenegraph-7.6.1] startup
[1.591s] [ext: omni.kit.audiodeviceenum-1.0.2] startup
[1.592s] [ext: omni.hydra.usdrt_delegate-7.5.1] startup
[1.597s] [ext: omni.hydra.scene_delegate-0.3.4] startup
[1.601s] [ext: omni.usd-1.13.10] startup
[1.619s] [ext: omni.inspect-1.0.2] startup
[1.620s] [ext: omni.kit.notification_manager-1.0.10] startup
[1.621s] [ext: omni.graph.core-2.184.5] startup
[1.623s] [ext: isaacsim.core.deprecation_manager-0.2.7] startup
[1.624s] [ext: omni.anim.graph.schema-107.3.3] startup
[1.628s] [ext: omni.usd.schema.isaac-3.0.5] startup
[1.628s] [ext: omni.anim.navigation.schema-107.3.3] startup
[1.630s] [ext: omni.kit.asset_converter-5.0.17] startup
[1.638s] [ext: isaacsim.robot.schema-3.6.0] startup
[1.644s] [ext: omni.usd.schema.render_settings.rtx-0.0.0] startup
[1.644s] [ext: omni.kit.menu.core-1.1.2] startup
[1.645s] [ext: omni.kit.widget.path_field-2.0.11] startup
[1.645s] [ext: omni.kit.widget.context_menu-1.2.5] startup
[1.646s] [ext: omni.kit.widget.browser_bar-2.0.10] startup
[1.647s] [ext: omni.kit.clipboard-1.0.5] startup
[1.647s] [ext: omni.kit.numpy.common-0.1.3] startup
[1.648s] [ext: omni.kit.widget.options_menu-1.1.6] startup
[1.650s] [ext: omni.kit.helper.file_utils-0.1.9] startup
[1.651s] [ext: omni.ui.scene-1.11.5] startup
[1.654s] [ext: omni.kit.widget.options_button-1.0.3] startup
[1.654s] [ext: omni.kit.widget.filebrowser-2.12.3] startup
[1.658s] [ext: omni.kit.usd.layers-2.2.11] startup
[1.663s] [ext: omni.kit.window.filepicker-2.13.4] startup
[1.672s] [ext: omni.kit.hotkeys.core-1.3.10] startup
[1.674s] [ext: omni.kit.context_menu-1.8.6] startup
[1.675s] [ext: omni.kit.property.adapter.core-1.0.2] startup
[1.677s] [ext: omni.kit.window.file_exporter-1.0.33] startup
[1.678s] [ext: omni.kit.widget.searchfield-1.1.8] startup
[1.679s] [ext: omni.kit.widget.filter-1.1.4] startup
[1.680s] [ext: omni.kit.widget.graph-2.0.0] startup
[1.683s] [ext: omni.kit.widget.stage-3.1.4] startup
[1.690s] [ext: omni.kit.property.adapter.usd-1.0.2] startup
[1.691s] [ext: omni.kit.property.adapter.fabric-1.0.3] startup
[1.691s] [ext: omni.kit.graph.delegate.default-1.2.3] startup
[1.692s] [ext: omni.kit.window.file_importer-1.1.18] startup
[1.692s] [ext: omni.kit.stage_template.core-1.1.22] startup
[1.692s] [ext: omni.kit.menu.utils-2.0.5] startup
[1.695s] [ext: omni.kit.window.file-2.0.5] startup
[1.697s] [ext: omni.kit.widget.highlight_label-1.0.3] startup
[1.697s] [ext: omni.kit.window.drop_support-1.0.5] startup
[1.698s] [ext: omni.kit.window.content_browser_registry-0.0.6] startup
[1.698s] [ext: omni.kit.window.property-1.12.1] startup
[1.700s] [ext: omni.kit.window.content_browser-3.1.3] startup
[1.707s] [ext: isaacsim.core.version-2.0.6] startup
[1.707s] [ext: omni.kit.property.usd-4.5.12] startup
[1.714s] [ext: omni.kit.graph.editor.core-1.5.3] startup
[1.715s] [ext: omni.kit.material.library-2.0.7] startup
[1.718s] [ext: omni.kit.graph.usd.commands-1.3.1] startup
[1.718s] [ext: omni.kvdb-107.3.26] startup
[1.720s] [ext: omni.usdphysics-107.3.26] startup
[1.721s] [ext: omni.physx.foundation-107.3.26] startup
[1.722s] [ext: omni.localcache-107.3.26] startup
[1.723s] [ext: omni.convexdecomposition-107.3.26] startup
[1.725s] [ext: omni.physics-107.3.26] startup
[1.727s] [ext: omni.physx.cooking-107.3.26] startup
[1.729s] [ext: omni.physics.stageupdate-107.3.26] startup
[1.730s] [ext: omni.physx-107.3.26] startup
[1.737s] [ext: omni.index.libs-380600.8087.0] startup
[1.737s] [ext: omni.physics.physx-107.3.26] startup
2026-04-28T10:07:00Z [1,727ms] [Warning] [carb] Acquiring non optional plugin interface which is not listed as dependency: [omni::physx::IPhysxBenchmarks v1.0] (plugin: <default plugin>), by client: omni.physics.physx.plugin. Add it to CARB_PLUGIN_IMPL_DEPS() macro of a client.
[1.738s] [ext: omni.index-1.0.1] startup
[1.739s] [ext: omni.volume-0.5.2] startup
[1.740s] [ext: omni.ujitso.client-0.0.0] startup
[1.741s] [ext: omni.hydra.rtx.shadercache.vulkan-1.0.0] startup
[1.741s] [ext: omni.kit.widget.searchable_combobox-1.0.6] startup
[1.742s] [ext: omni.hydra.rtx-1.0.0] startup
2026-04-28T10:07:00Z [1,744ms] [Warning] [omni.log] Source: omni.hydra was already registered.
[1.766s] [ext: omni.kit.widget.settings-1.2.6] startup
[1.768s] [ext: omni.kit.hydra_texture-1.4.6] startup
[1.770s] [ext: omni.graph.tools-1.79.2] startup
[1.785s] [ext: omni.kit.window.preferences-1.8.0] startup
[1.788s] [ext: omni.kit.widget.material_preview-1.0.16] startup
[1.789s] [ext: omni.graph-1.141.2] startup
[1.816s] [ext: omni.kit.window.material_graph-1.9.1] startup
[1.822s] [ext: omni.isaac.dynamic_control-2.0.7] startup
2026-04-28T10:07:00Z [1,815ms] [Warning] [omni.isaac.dynamic_control] omni.isaac.dynamic_control is deprecated as of Isaac Sim 4.5. No action is needed from end-users.
[1.827s] [ext: isaacsim.storage.native-1.5.1] startup
[1.829s] [ext: omni.graph.scriptnode-1.50.0] startup
[1.831s] [ext: omni.hydra.engine.stats-1.0.3] startup
[1.834s] [ext: omni.kit.viewport.legacy_gizmos-1.0.19] startup
[1.836s] [ext: omni.kit.raycast.query-1.1.0] startup
[1.840s] [ext: omni.graph.action_core-1.1.7] startup
[1.843s] [ext: omni.kit.viewport.scene_camera_model-1.0.6] startup
[1.846s] [ext: omni.graph.image.core-0.6.1] startup
[1.847s] [ext: omni.kit.widget.viewport-107.1.3] startup
[1.852s] [ext: omni.kit.viewport.registry-104.0.6] startup
[1.854s] [ext: omni.usd.metrics.assembler-107.3.1] startup
[1.859s] [ext: omni.kit.viewport.window-107.2.0] startup
[1.878s] [ext: omni.kit.viewport.menubar.core-107.2.1] startup
[1.886s] [ext: omni.graph.image.nodes-1.3.1] startup
[1.887s] [ext: omni.usd.metrics.assembler.physics-107.3.26] startup
[1.888s] [ext: omni.warp.core-1.8.2] startup
[2.028s] [ext: omni.kit.viewport.utility-1.1.2] startup
[2.029s] [ext: omni.physics.tensors-107.3.26] startup
[2.034s] [ext: omni.syntheticdata-0.6.13] startup
[2.053s] [ext: isaacsim.test.docstring-1.1.0] startup
[2.058s] [ext: isaacsim.core.utils-3.5.1] startup
[2.062s] [ext: omni.physx.tensors-107.3.26] startup
[2.067s] [ext: omni.graph.nodes-1.170.10] startup
[2.080s] [ext: omni.graph.action_nodes-1.50.4] startup
[2.083s] [ext: omni.kit.primitive.mesh-1.0.17] startup
[2.093s] [ext: isaacsim.core.simulation_manager-1.4.4] startup
[3.134s] [ext: omni.graph.ui_nodes-1.50.5] startup
[3.138s] [ext: omni.graph.action-1.130.0] startup
[3.139s] [ext: omni.kit.stage_templates-2.0.0] startup
[3.143s] [ext: isaacsim.core.prims-0.6.1] startup
[3.166s] [ext: omni.warp-1.8.2] startup
[3.172s] [ext: omni.videoencoding-0.1.2] startup
[3.174s] [ext: isaacsim.core.api-4.8.0] startup
[3.183s] [ext: isaacsim.core.experimental.utils-0.3.0] startup
[3.188s] [ext: omni.replicator.core-1.12.27] startup
2026-04-28T10:07:01Z [3,189ms] [Warning] [pxr.Semantics] pxr.Semantics is deprecated - please use Semantics instead
2026-04-28T10:07:02Z [3,293ms] [Warning] [omni.graph.core.plugin] Found duplicate of category 'Replicator' - was 'Annotators', adding 'Fabric Reader'
2026-04-28T10:07:02Z [3,293ms] [Warning] [omni.graph.core.plugin] Category 'Replicator' not accepted on node type 'omni.replicator.core.FabricReader' in extension 'omni.replicator.core'
2026-04-28T10:07:02Z [3,294ms] [Warning] [omni.replicator.core.scripts.extension] No material configuration file, adding configuration to material settings directly.
[3.307s] [ext: isaacsim.core.experimental.prims-0.8.1] startup
[3.340s] [ext: omni.kit.window.extensions-1.4.27] startup
[3.350s] [ext: isaacsim.core.experimental.objects-0.4.0] startup
[3.354s] [ext: omni.ui_query-1.1.8] startup
[3.356s] [ext: omni.kit.manipulator.viewport-107.0.1] startup
[3.358s] [ext: isaacsim.robot.surface_gripper-3.3.1] startup
[3.361s] [ext: omni.kit.ui_test-1.3.7] startup
[3.364s] [ext: omni.graph.visualization.nodes-2.1.3] startup
[3.391s] [ext: isaacsim.robot_motion.lula-4.0.8] startup
[3.399s] [ext: isaacsim.core.nodes-3.4.3] startup
[3.408s] [ext: isaacsim.gui.components-1.2.1] startup
[3.460s] [ext: isaacsim.robot_motion.motion_generation-8.0.26] startup
[3.679s] [ext: isaacsim.robot.manipulators-3.3.6] startup
[3.752s] [ext: isaacsim.core.experimental.materials-0.4.0] startup
[3.761s] [ext: isaacsim.robot.manipulators.examples-1.1.2] startup
[3.767s] [ext: isaacsim.cortex.framework-1.0.12] startup
[3.771s] [ext: isaacsim.cortex.behaviors-2.0.14] startup
[3.776s] [ext: omni.isaac.cortex.sample_behaviors-2.0.5] startup
2026-04-28T10:07:02Z [3,769ms] [Warning] [omni.isaac.cortex] omni.isaac.cortex has been deprecated in favor of isaacsim.cortex.framework. Please update your code accordingly.
2026-04-28T10:07:02Z [3,769ms] [Warning] [omni.isaac.cortex.sample_behaviors] omni.isaac.cortex.sample_behaviors has been deprecated in favor of isaacsim.cortex.behaviors. Please update your code accordingly.
[3.780s] [ext: omni.kit.widget.zoombar-1.0.6] startup
[3.785s] [ext: isaacsim.gui.content_browser-0.1.11] startup
[3.791s] [ext: omni.kit.browser.core-2.3.13] startup
[3.804s] [ext: omni.kit.widget.stage_icons-1.0.8] startup
[3.807s] [ext: omni.kit.widget.prompt-1.0.7] startup
[3.808s] [ext: omni.kit.usd.collect-2.4.5] startup
[3.812s] [ext: omni.kit.browser.folder.core-1.10.9] startup
[3.831s] [ext: omni.kit.window.stage-2.6.1] startup
[3.845s] [ext: omni.kit.usdz_export-1.0.9] startup
[3.848s] [ext: omni.kit.tool.collect-2.2.18] startup
[3.853s] [ext: omni.kit.menu.stage-1.2.7] startup
[3.855s] [ext: omni.kit.tool.asset_importer-4.3.2] startup
[3.869s] [ext: isaacsim.robot.wheeled_robots-4.0.24] startup
[3.875s] [ext: isaacsim.examples.browser-0.2.1] startup
[3.882s] [ext: isaacsim.asset.importer.urdf-2.4.30] startup
[3.949s] [ext: omni.isaac.wheeled_robots-3.0.7] startup
2026-04-28T10:07:02Z [3,939ms] [Warning] [omni.isaac.wheeled_robots] omni.isaac.wheeled_robots has been deprecated in favor of isaacsim.robot.wheeled_robots. Please update your code accordingly.
2026-04-28T10:07:02Z [3,939ms] [Warning] [omni.isaac.wheeled_robots.controllers] omni.isaac.wheeled_robots has been deprecated in favor of isaacsim.robot.wheeled_robots. Please update your code accordingly.
2026-04-28T10:07:02Z [3,939ms] [Warning] [omni.isaac.wheeled_robots.controllers.ackermann_controller] omni.isaac.wheeled_robots has been deprecated in favor of isaacsim.robot.wheeled_robots. Please update your code accordingly.
2026-04-28T10:07:02Z [3,939ms] [Warning] [omni.isaac.wheeled_robots.controllers.differential_controller] omni.isaac.wheeled_robots has been deprecated in favor of isaacsim.robot.wheeled_robots. Please update your code accordingly.
2026-04-28T10:07:02Z [3,939ms] [Warning] [omni.isaac.wheeled_robots.controllers.holonomic_controller] omni.isaac.wheeled_robots has been deprecated in favor of isaacsim.robot.wheeled_robots. Please update your code accordingly.
2026-04-28T10:07:02Z [3,939ms] [Warning] [omni.isaac.wheeled_robots.controllers.quintic_path_planner] omni.isaac.wheeled_robots has been deprecated in favor of isaacsim.robot.wheeled_robots. Please update your code accordingly.
2026-04-28T10:07:02Z [3,939ms] [Warning] [omni.isaac.wheeled_robots.controllers.stanley_control] omni.isaac.wheeled_robots has been deprecated in favor of isaacsim.robot.wheeled_robots. Please update your code accordingly.
2026-04-28T10:07:02Z [3,939ms] [Warning] [omni.isaac.wheeled_robots.controllers.wheel_base_pose_controller] omni.isaac.wheeled_robots has been deprecated in favor of isaacsim.robot.wheeled_robots. Please update your code accordingly.
2026-04-28T10:07:02Z [3,940ms] [Warning] [omni.isaac.wheeled_robots.impl] omni.isaac.wheeled_robots has been deprecated in favor of isaacsim.robot.wheeled_robots. Please update your code accordingly.
2026-04-28T10:07:02Z [3,942ms] [Warning] [omni.isaac.wheeled_robots.robots] omni.isaac.wheeled_robots has been deprecated in favor of isaacsim.robot.wheeled_robots. Please update your code accordingly.
2026-04-28T10:07:02Z [3,945ms] [Warning] [omni.isaac.wheeled_robots.robots.holonomic_robot_usd_setup] omni.isaac.wheeled_robots has been deprecated in favor of isaacsim.robot.wheeled_robots. Please update your code accordingly.
2026-04-28T10:07:02Z [3,945ms] [Warning] [omni.isaac.wheeled_robots.robots.wheeled_robot] omni.isaac.wheeled_robots has been deprecated in favor of isaacsim.robot.wheeled_robots. Please update your code accordingly.
[3.956s] [ext: isaacsim.simulation_app-2.12.2] startup
[3.958s] [ext: omni.isaac.franka-1.0.7] startup
2026-04-28T10:07:02Z [3,948ms] [Warning] [omni.isaac.franka] omni.isaac.franka has been deprecated in favor of isaacsim.robot.manipulators.examples.franka. Please update your code accordingly.
2026-04-28T10:07:02Z [3,948ms] [Warning] [omni.isaac.franka.franka] omni.isaac.franka has been deprecated in favor of isaacsim.robot.manipulators.examples.franka. Please update your code accordingly.
2026-04-28T10:07:02Z [3,966ms] [Warning] [omni.isaac.franka.kinematics_solver] omni.isaac.franka has been deprecated in favor of isaacsim.robot.manipulators.examples.franka. Please update your code accordingly.
[3.977s] [ext: omni.isaac.kit-2.0.6] startup
2026-04-28T10:07:02Z [3,969ms] [Warning] [omni.isaac.kit] omni.isaac.kit has been deprecated in favor of isaacsim.simulation_app. Please update your code accordingly.
[3.980s] [ext: omni.kit.selection-0.1.6] startup
[3.981s] [ext: omni.isaac.lula-4.0.6] startup
2026-04-28T10:07:02Z [3,971ms] [Warning] [omni.isaac.lula] omni.isaac.lula has been deprecated in favor of isaacsim.robot_motion.lula. Please update your code accordingly.
[3.982s] [ext: isaacsim.robot_motion.lula_test_widget-1.0.12] startup
[3.983s] [ext: isaacsim.asset.browser-1.3.23] startup
[4.019s] [ext: omni.kit.viewport.actions-107.0.2] startup
[4.023s] [ext: isaacsim.gui.menu-2.4.4] startup
[4.027s] [ext: omni.isaac.manipulators-3.0.7] startup
2026-04-28T10:07:02Z [4,016ms] [Warning] [omni.isaac.manipulators] omni.isaac.manipulators has been deprecated in favor of isaacsim.robot.manipulators. Please update your code accordingly.
2026-04-28T10:07:02Z [4,018ms] [Warning] [omni.isaac.manipulators.controllers] omni.isaac.manipulators has been deprecated in favor of isaacsim.robot.manipulators. Please update your code accordingly.
2026-04-28T10:07:02Z [4,018ms] [Warning] [omni.isaac.manipulators.controllers.pick_place_controller] omni.isaac.manipulators has been deprecated in favor of isaacsim.robot.manipulators. Please update your code accordingly.
2026-04-28T10:07:02Z [4,019ms] [Warning] [omni.isaac.manipulators.controllers.stacking_controller] omni.isaac.manipulators has been deprecated in favor of isaacsim.robot.manipulators. Please update your code accordingly.
2026-04-28T10:07:02Z [4,019ms] [Warning] [omni.isaac.manipulators.grippers] omni.isaac.manipulators has been deprecated in favor of isaacsim.robot.manipulators. Please update your code accordingly.
2026-04-28T10:07:02Z [4,019ms] [Warning] [omni.isaac.manipulators.grippers.gripper] omni.isaac.manipulators has been deprecated in favor of isaacsim.robot.manipulators. Please update your code accordingly.
2026-04-28T10:07:02Z [4,019ms] [Warning] [omni.isaac.manipulators.grippers.parallel_gripper] omni.isaac.manipulators has been deprecated in favor of isaacsim.robot.manipulators. Please update your code accordingly.
2026-04-28T10:07:02Z [4,019ms] [Warning] [omni.isaac.manipulators.grippers.surface_gripper] omni.isaac.manipulators has been deprecated in favor of isaacsim.robot.manipulators. Please update your code accordingly.
2026-04-28T10:07:02Z [4,020ms] [Warning] [omni.isaac.manipulators.manipulators] omni.isaac.manipulators has been deprecated in favor of isaacsim.robot.manipulators. Please update your code accordingly.
2026-04-28T10:07:02Z [4,020ms] [Warning] [omni.isaac.manipulators.manipulators.single_manipulator] omni.isaac.manipulators has been deprecated in favor of isaacsim.robot.manipulators. Please update your code accordingly.
[4.031s] [ext: omni.isaac.lula_test_widget-1.0.6] startup
2026-04-28T10:07:02Z [4,020ms] [Warning] [omni.isaac.lula_test_widget] omni.isaac.lula_test_widget has been deprecated in favor of isaacsim.robot_motion.lula_test_widget. Please update your code accordingly.
[4.031s] [ext: omni.isaac.asset_browser-1.0.6] startup
2026-04-28T10:07:02Z [4,020ms] [Warning] [omni.isaac.asset_browser] omni.isaac.asset_browser has been deprecated in favor of isaacsim.asset.browser. Please update your code accordingly.
[4.034s] [ext: omni.kit.viewport.menubar.display-107.0.3] startup
[4.039s] [ext: omni.isaac.menu-1.0.6] startup
2026-04-28T10:07:02Z [4,029ms] [Warning] [omni.isaac.menu] omni.isaac.menu has been deprecated in favor of isaacsim.gui.menu. Please update your code accordingly.
[4.040s] [ext: omni.isaac.motion_generation-8.0.7] startup
2026-04-28T10:07:02Z [4,031ms] [Warning] [omni.isaac.motion_generation] omni.isaac.motion_generation has been deprecated in favor of isaacsim.robot_motion.motion_generation. Please update your code accordingly.
2026-04-28T10:07:02Z [4,031ms] [Warning] [omni.isaac.motion_generation.articulation_kinematics_solver] omni.isaac.motion_generation has been deprecated in favor of isaacsim.robot_motion.motion_generation. Please update your code accordingly.
2026-04-28T10:07:02Z [4,031ms] [Warning] [omni.isaac.motion_generation.articulation_motion_policy] omni.isaac.motion_generation has been deprecated in favor of isaacsim.robot_motion.motion_generation. Please update your code accordingly.
2026-04-28T10:07:02Z [4,031ms] [Warning] [omni.isaac.motion_generation.articulation_trajectory] omni.isaac.motion_generation has been deprecated in favor of isaacsim.robot_motion.motion_generation. Please update your code accordingly.
2026-04-28T10:07:02Z [4,031ms] [Warning] [omni.isaac.motion_generation.kinematics_interface] omni.isaac.motion_generation has been deprecated in favor of isaacsim.robot_motion.motion_generation. Please update your code accordingly.
2026-04-28T10:07:02Z [4,031ms] [Warning] [omni.isaac.motion_generation.lula] omni.isaac.motion_generation has been deprecated in favor of isaacsim.robot_motion.motion_generation. Please update your code accordingly.
2026-04-28T10:07:02Z [4,032ms] [Warning] [omni.isaac.motion_generation.lula.kinematics] omni.isaac.motion_generation has been deprecated in favor of isaacsim.robot_motion.motion_generation. Please update your code accordingly.
2026-04-28T10:07:02Z [4,032ms] [Warning] [omni.isaac.motion_generation.lula.motion_policies] omni.isaac.motion_generation has been deprecated in favor of isaacsim.robot_motion.motion_generation. Please update your code accordingly.
2026-04-28T10:07:02Z [4,033ms] [Warning] [omni.isaac.motion_generation.lula.path_planners] omni.isaac.motion_generation has been deprecated in favor of isaacsim.robot_motion.motion_generation. Please update your code accordingly.
2026-04-28T10:07:02Z [4,033ms] [Warning] [omni.isaac.motion_generation.lula.trajectory_generator] omni.isaac.motion_generation has been deprecated in favor of isaacsim.robot_motion.motion_generation. Please update your code accordingly.
2026-04-28T10:07:02Z [4,034ms] [Warning] [omni.isaac.motion_generation.motion_policy_controller] omni.isaac.motion_generation has been deprecated in favor of isaacsim.robot_motion.motion_generation. Please update your code accordingly.
2026-04-28T10:07:02Z [4,034ms] [Warning] [omni.isaac.motion_generation.motion_policy_interface] omni.isaac.motion_generation has been deprecated in favor of isaacsim.robot_motion.motion_generation. Please update your code accordingly.
2026-04-28T10:07:02Z [4,034ms] [Warning] [omni.isaac.motion_generation.path_planner_visualizer] omni.isaac.motion_generation has been deprecated in favor of isaacsim.robot_motion.motion_generation. Please update your code accordingly.
2026-04-28T10:07:02Z [4,034ms] [Warning] [omni.isaac.motion_generation.path_planning_interface] omni.isaac.motion_generation has been deprecated in favor of isaacsim.robot_motion.motion_generation. Please update your code accordingly.
2026-04-28T10:07:02Z [4,034ms] [Warning] [omni.isaac.motion_generation.trajectory] omni.isaac.motion_generation has been deprecated in favor of isaacsim.robot_motion.motion_generation. Please update your code accordingly.
2026-04-28T10:07:02Z [4,034ms] [Warning] [omni.isaac.motion_generation.world_interface] omni.isaac.motion_generation has been deprecated in favor of isaacsim.robot_motion.motion_generation. Please update your code accordingly.
[4.045s] [ext: omni.isaac.assets_check-0.3.13] startup
2026-04-28T10:07:02Z [4,035ms] [Warning] [omni.isaac.assets_check] omni.isaac.assets_check has been deprecated in favor of isaacsim.asset.browser. Please update your code accordingly.
[4.046s] [ext: isaacsim.gui.sensors.icon-2.0.3] startup
[4.058s] [ext: isaacsim.asset.importer.mjcf-2.5.13] startup
[4.062s] [ext: omni.sensors.nv.common-3.0.0] startup
[4.069s] [ext: isaacsim.sensors.physics-0.4.3] startup
[4.073s] [ext: omni.sensors.net-1.0.0] startup
[4.075s] [ext: omni.isaac.nucleus-1.0.6] startup
2026-04-28T10:07:02Z [4,065ms] [Warning] [omni.isaac.nucleus] omni.isaac.nucleus has been deprecated in favor of isaacsim.storage.native. Please update your code accordingly.
2026-04-28T10:07:02Z [4,065ms] [Warning] [omni.isaac.nucleus.nucleus] omni.isaac.nucleus.nucleus has been deprecated in favor of isaacsim.storage.native. Please update your code accordingly.
[4.076s] [ext: omni.sensors.nv.materials-2.0.0] startup
[4.080s] [ext: isaacsim.robot.policy.examples-4.1.11] startup
[4.082s] [ext: omni.sensors.nv.wpm-3.0.0] startup
[4.085s] [ext: omni.sensors.nv.lidar-3.0.0] startup
[4.090s] [ext: isaacsim.util.debug_draw-3.1.0] startup
[4.095s] [ext: omni.sensors.nv.radar-3.0.0] startup
[4.098s] [ext: omni.sensors.nv.ids-2.0.0] startup
[4.099s] [ext: isaacsim.core.cloner-1.4.10] startup
[4.101s] [ext: isaacsim.sensors.physx-2.3.2] startup
[4.105s] [ext: isaacsim.sensors.rtx-15.8.4] startup
[4.111s] [ext: isaacsim.sensors.camera-1.3.6] startup
[4.117s] [ext: omni.isaac.quadruped-3.0.7] startup
2026-04-28T10:07:02Z [4,108ms] [Warning] [omni.isaac.quadruped] omni.isaac.quadruped has been deprecated in favor of isaacsim.robot.policy.examples. Please update your code accordingly.
[4.119s] [ext: omni.isaac.cloner-1.0.7] startup
2026-04-28T10:07:02Z [4,110ms] [Warning] [omni.isaac.cloner] omni.isaac.cloner has been deprecated in favor of isaacsim.core.cloner. Please update your code accordingly.
[4.121s] [ext: omni.isaac.range_sensor-4.0.6] startup
2026-04-28T10:07:02Z [4,115ms] [Warning] [omni.isaac.range_sensor] omni.isaac.range_sensor has been deprecated in favor of isaacsim.sensors.physx. Please update your code accordingly.
2026-04-28T10:07:02Z [4,118ms] [Warning] [omni.isaac.range_sensor.commands] omni.isaac.range_sensor.commands has been deprecated in favor of isaacsim.sensors.physx.commands. Please update your code accordingly.
[4.131s] [ext: omni.isaac.sensor-13.0.7] startup
2026-04-28T10:07:02Z [4,121ms] [Warning] [omni.isaac.sensor] omni.isaac.sensor has been deprecated in favor of isaacsim.sensors.camera, isaacsim.sensors.physics, isaacsim.sensors.physx, and isaacsim.sensors.rtx. Please update your code accordingly.
2026-04-28T10:07:02Z [4,121ms] [Warning] [omni.isaac.sensor.camera] omni.isaac.sensor.camera has been deprecated in favor of isaacsim.sensors.camera.camera. Please update your code accordingly.
2026-04-28T10:07:02Z [4,121ms] [Warning] [omni.isaac.sensor.camera_view] omni.isaac.sensor.camera_view has been deprecated in favor of isaacsim.sensors.camera.camera_view. Please update your code accordingly.
2026-04-28T10:07:02Z [4,122ms] [Warning] [omni.isaac.sensor.commands] omni.isaac.sensor.commands has been deprecated in favor of isaacsim.sensors.physics.commands, isaacsim.sensors.physx.commands, and isaacsim.sensors.rtx.commands. Please update your code accordingly.
2026-04-28T10:07:02Z [4,122ms] [Warning] [omni.isaac.sensor.contact_sensor] omni.isaac.sensor.contact_sensor has been deprecated in favor of isaacsim.sensors.physics.contact_sensor. Please update your code accordingly.
2026-04-28T10:07:02Z [4,123ms] [Warning] [omni.isaac.sensor.imu_sensor] omni.isaac.sensor.imu_sensor has been deprecated in favor of isaacsim.sensors.physics.imu_sensor. Please update your code accordingly.
2026-04-28T10:07:02Z [4,123ms] [Warning] [omni.isaac.sensor.lidar_rtx] omni.isaac.sensor.lidar_rtx has been deprecated in favor of isaacsim.sensors.rtx.lidar_rtx. Please update your code accordingly.
2026-04-28T10:07:02Z [4,123ms] [Warning] [omni.isaac.sensor.rotating_lidar_physX] omni.isaac.sensor.imu_sensor has been deprecated in favor of isaacsim.sensors.physix.rotating_lidar_physX. Please update your code accordingly.
2026-04-28T10:07:02Z [4,123ms] [Warning] [omni.isaac.sensor.scripts.samples.contact_sensor] omni.isaac.sensor.scripts.samples.contact_sensor has been deprecated in favor of isaacsim.sensors.physics.scripts.samples.contact_sensor. Please update your code accordingly.
2026-04-28T10:07:02Z [4,123ms] [Warning] [omni.isaac.sensor.scripts.samples.imu_sensor] omni.isaac.sensor.scripts.samples.imu_sensor has been deprecated in favor of isaacsim.sensors.physics.scripts.samples.imu_sensor. Please update your code accordingly.
2026-04-28T10:07:02Z [4,123ms] [Warning] [omni.isaac.sensor.scripts.samples.lightbeam_sensor] omni.isaac.sensor.scripts.samples.lightbeam_sensor has been deprecated in favor of isaacsim.sensors.physx.scripts.samples.lightbeam_sensor. Please update your code accordingly.
[4.134s] [ext: omni.kit.menu.create-2.0.1] startup
[4.137s] [ext: omni.kit.widget.toolbar-2.0.1] startup
[4.147s] [ext: omni.kit.manipulator.transform-107.0.0] startup
[4.150s] [ext: omni.isaac.core-4.0.7] startup
2026-04-28T10:07:02Z [4,140ms] [Warning] [omni.isaac.core.physics_context.physics_context] omni.isaac.core.physics_context.physics_context has been deprecated in favor of isaacsim.core.api.physics_context.physics_context. Please update your code accordingly.
2026-04-28T10:07:02Z [4,140ms] [Warning] [omni.isaac.core.simulation_context.simulation_context] omni.isaac.core.simulation_context.simulation_context has been deprecated in favor of isaacsim.core.api.simulation_context.simulation_context. Please update your code accordingly.
2026-04-28T10:07:02Z [4,140ms] [Warning] [omni.isaac.core.world.world] omni.isaac.core.world.world has been deprecated in favor of isaacsim.core.api.world.world. Please update your code accordingly.
2026-04-28T10:07:02Z [4,140ms] [Warning] [omni.isaac.core] omni.isaac.core has been deprecated in favor of isaacsim.core.api. Please update your code accordingly.
[4.151s] [ext: omni.kit.scripting-107.3.2] startup
[4.157s] [ext: omni.kit.manipulator.tool.snap-1.5.13] startup
[4.160s] [ext: omni.kit.manipulator.selector-1.1.3] startup
[4.161s] [ext: isaacsim.app.about-2.0.11] startup
[4.166s] [ext: isaacsim.replicator.behavior-1.1.16] startup
[4.166s] [ext: omni.kit.viewport.manipulator.transform-107.0.4] startup
[4.169s] [ext: omni.isaac.window.about-2.0.7] startup
2026-04-28T10:07:02Z [4,159ms] [Warning] [omni.isaac.window.about] omni.isaac.window.about has been deprecated in favor of isaacsim.app.about. Please update your code accordingly.
2026-04-28T10:07:02Z [4,159ms] [Warning] [omni.isaac.window.about.about] omni.isaac.window.about.about has been deprecated in favor of isaacsim.app.about.about. Please update your code accordingly.
[4.170s] [ext: omni.fabric.commands-1.1.6] startup
[4.172s] [ext: omni.kit.manipulator.prim.core-107.0.8] startup
[4.177s] [ext: omni.kit.property.audio-1.0.16] startup
[4.179s] [ext: omni.kit.property.camera-1.0.10] startup
[4.180s] [ext: omni.kit.property.geometry-2.0.4] startup
[4.183s] [ext: omni.hydra.scene_api-0.1.2] startup
[4.187s] [ext: omni.kit.property.light-1.0.12] startup
[4.204s] [ext: omni.kit.manipulator.prim.fabric-107.0.4] startup
[4.206s] [ext: omni.kit.manipulator.prim.usd-107.0.3] startup
[4.207s] [ext: omni.kit.property.material-1.11.9] startup
[4.211s] [ext: omni.kit.property.render-1.2.1] startup
[4.212s] [ext: omni.kit.property.transform-1.5.13] startup
[4.215s] [ext: isaacsim.gui.property-1.1.3] startup
[4.217s] [ext: omni.kit.manipulator.camera-106.0.4] startup
[4.221s] [ext: omni.kit.manipulator.prim-107.0.0] startup
[4.221s] [ext: omni.isaac.surface_gripper-2.0.6] startup
2026-04-28T10:07:02Z [4,210ms] [Warning] [omni.isaac.surface_gripper] omni.isaac.surface_gripper has been deprecated in favor of isaacsim.robot.surface_gripper. Please update your code accordingly.
[4.221s] [ext: omni.kit.manipulator.selection-106.0.1] startup
[4.225s] [ext: omni.kit.property.bundle-1.4.1] startup
[4.225s] [ext: omni.kit.property.isaac-1.0.6] startup
2026-04-28T10:07:02Z [4,215ms] [Warning] [omni.kit.property.isaac] omni.kit.property.isaac has been deprecated in favor of isaacsim.gui.property. Please update your code accordingly.
2026-04-28T10:07:02Z [4,215ms] [Warning] [omni.kit.property.isaac.widgets] omni.kit.property.isaac.widgets has been deprecated in favor of isaacsim.gui.property.widgets. Please update your code accordingly.
[4.226s] [ext: omni.isaac.universal_robots-1.0.6] startup
2026-04-28T10:07:02Z [4,216ms] [Warning] [omni.isaac.universal_robots] omni.isaac.universal_robots has been deprecated in favor of isaacsim.robot.manipulators.examples.universal_robots. Please update your code accordingly.
2026-04-28T10:07:02Z [4,216ms] [Warning] [omni.isaac.universal_robots.kinematics_solver] omni.isaac.franka has been deprecated in favor of isaacsim.robot.manipulators.examples.universal_robots. Please update your code accordingly.
2026-04-28T10:07:02Z [4,217ms] [Warning] [omni.isaac.universal_robots.ur10] omni.isaac.franka has been deprecated in favor of isaacsim.robot.manipulators.examples.universal_robots. Please update your code accordingly.
[4.228s] [ext: omni.isaac.core_nodes-2.0.6] startup
2026-04-28T10:07:02Z [4,220ms] [Warning] [omni.isaac.core_nodes] omni.isaac.core_nodes has been deprecated in favor of isaacsim.core.nodes. Please update your code accordingly.
[4.231s] [ext: omni.kit.viewport.menubar.camera-107.0.6] startup
[4.237s] [ext: omni.kit.viewport.menubar.lighting-107.3.1] startup
[4.239s] [ext: isaacsim.replicator.writers-1.0.17] startup
[4.249s] [ext: omni.kit.viewport.menubar.render-107.0.10] startup
[4.253s] [ext: omni.kit.viewport.menubar.settings-107.0.3] startup
[4.259s] [ext: omni.kit.window.console-1.1.4] startup
[4.264s] [ext: isaacsim.replicator.domain_randomization-1.0.16] startup
[4.265s] [ext: isaacsim.replicator.examples-1.3.6] startup
[4.268s] [ext: omni.ocio-0.1.1] startup
[4.270s] [ext: omni.rtx.window.settings-0.6.19] startup
[4.276s] [ext: omni.kit.window.status_bar-0.1.9] startup
[4.281s] [ext: omni.kit.window.toolbar-2.0.0] startup
[4.287s] [ext: omni.replicator.isaac-2.0.8] startup
2026-04-28T10:07:03Z [4,277ms] [Warning] [omni.replicator.isaac] omni.replicator.isaac has been deprecated in favor of isaacsim.replicator.domain_randomization, isaacsim.replicator.examples, isaacsim.replicator.writers. Please update your code accordingly.
[4.288s] [ext: omni.replicator.replicator_yaml-2.0.11] startup
[4.306s] [ext: omni.rtx.settings.core-0.6.5] startup
[4.311s] [ext: omni.usd.metrics.assembler.ui-107.3.1] startup
[4.319s] [ext: omni.isaac.utils-2.0.6] startup
[4.321s] [ext: semantics.schema.editor-2.0.2] startup
[4.324s] [ext: omni.kit.ui.actions-1.0.5] startup
[4.326s] [ext: semantics.schema.property-2.0.1] startup
[4.327s] [ext: omni.isaac.version-2.0.7] startup
2026-04-28T10:07:03Z [4,317ms] [Warning] [omni.isaac.version] omni.isaac.version has been deprecated in favor of isaacsim.core.version. Please update your code accordingly.
[4.328s] [ext: omni.isaac.cortex-1.0.5] startup
[4.329s] [ext: omni.anim.curve.core-1.3.1] startup
[4.336s] [ext: isaacsim.core.throttling-2.2.2] startup
[4.338s] [ext: omni.kit.menu.common-2.0.1] startup
[4.340s] [ext: isaacsim.exp.base-5.1.0] startup
[4.340s] [ext: isaacsim.exp.base.python-5.1.0] startup
[4.341s] Simulation App Starting
2026-04-28T10:07:03Z [4,504ms] [Warning] [omni.fabric.plugin] Warning: attribute viewportHandle not found for bucket id 9

[4.604s] app ready
[6.703s] Simulation App Startup Complete
2026-04-28T10:07:05Z [6,904ms] [Warning] [omni.fabric.plugin] getAttributeCount called on non-existent path /World/RobotRight/orcahand_right_flattened_v1b/world/collisions/right_collision_tower_text_mesh
2026-04-28T10:07:05Z [6,904ms] [Warning] [omni.fabric.plugin] getTypes called on non-existent path /World/RobotRight/orcahand_right_flattened_v1b/world/collisions/right_collision_tower_text_mesh
2026-04-28T10:07:06Z [7,580ms] [Warning] [rtx.postprocessing.plugin] DLSS increasing input dimensions: Render resolution of (320, 240) is below minimal input resolution of 300.
2026-04-28T10:07:09Z [10,651ms] [Warning] [carb] Client gpu.foundation.plugin has acquired [gpu::unstable::IMemoryBudgetManagerFactory v0.1] 100 times. Consider accessing this interface with carb::getCachedInterface() (Performance warning)
[421.348s] Simulation App Shutting Down
[run_all] (fallback rename) outputs/20250804_104715_overlay_a0.50_qpos_duck_vda.mp4 -> experiments/hand_offset/outputs/v4_ee_x_pos20mm.mp4

============================================================
[run_all] v5_cx_minus15
============================================================
[Info] [carb] Logging to file: /home/shinben0327/miniconda3/envs/3dv/lib/python3.11/site-packages/isaacsim/kit/logs/Kit/Isaac-Sim Python/5.1/kit_20260428_121401.log
2026-04-28T10:14:01Z [0ms] [Warning] [carb.crashreporter-breakpad.plugin] [previous crash] preventing upload of minidump due to user opt-out: '/home/shinben0327/miniconda3/envs/3dv/lib/python3.11/site-packages/isaacsim/kit/data/Kit/Isaac-Sim Python/5.1/eff7d5d5-1367-40aa-750f2da2-5077d85b.dmp'
2026-04-28T10:14:01Z [1ms] [Warning] [carb.crashreporter-breakpad.plugin] [previous crash] preventing upload of minidump due to user opt-out: '/home/shinben0327/miniconda3/envs/3dv/lib/python3.11/site-packages/isaacsim/kit/data/Kit/Isaac-Sim Python/5.1/78516c7e-9a77-435e-ea4991b8-4568510e.dmp'
[0.031s] [ext: omni.kit.async_engine-0.0.3] startup
[0.091s] [ext: omni.metrics.core-0.0.3] startup
[0.091s] [ext: omni.client.lib-1.1.0] startup
[0.101s] [ext: omni.blobkey-1.1.2] startup
[0.101s] [ext: omni.stats-1.0.1] startup
[0.101s] [ext: omni.datastore-0.0.0] startup
[0.105s] [ext: omni.client-1.3.0] startup
[0.159s] [ext: omni.ujitso.default-1.0.0] startup
[0.160s] [ext: omni.hsscclient-1.1.2] startup
[0.163s] [ext: omni.gpu_foundation.shadercache.vulkan-1.0.0] startup
[0.165s] [ext: omni.assets.plugins-0.0.0] startup
[0.166s] [ext: omni.gpu_foundation-0.0.0] startup
[0.171s] [ext: carb.windowing.plugins-1.0.0] startup
[0.177s] [ext: omni.kit.renderer.init-0.0.0] startup

|---------------------------------------------------------------------------------------------|
| Driver Version: 580.126.09    | Graphics API: Vulkan
|=============================================================================================|
| GPU | Name                             | Active | LDA | GPU Memory | Vendor-ID | LUID       |
|     |                                  |        |     |            | Device-ID | UUID       |
|     |                                  |        |     |            | Bus-ID    |            |
|---------------------------------------------------------------------------------------------|
| 0   | NVIDIA GeForce RTX 4060 Laptop.. | Yes: 0 |     | 8188    MB | 10de      | 0          |
|     |                                  |        |     |            | 28e0      | 67d90d8d.. |
|     |                                  |        |     |            | 1         |            |
|=============================================================================================|
| OS: 24.04.4 LTS (Noble Numbat) ubuntu, Version: 24.04.4, Kernel: 6.17.0-22-generic
| XServer Vendor: The X.Org Foundation, XServer Version: 12101011 (1.21.1.11)
| Processor: 13th Gen Intel(R) Core(TM) i7-13700H
| Bare Metal Cores: 14 | Bare Metal Logical Cores: 28
| Available Cores:  20 
|---------------------------------------------------------------------------------------------|
| Total Memory (MB): 31887 | Free Memory: 17400
| Total Page/Swap (MB): 8191 | Free Page/Swap: 4448
|---------------------------------------------------------------------------------------------|
2026-04-28T10:14:02Z [662ms] [Warning] [gpu.foundation.plugin] CPU performance profile is set to powersave. This profile sets the CPU to the lowest frequency reducing performance.
[0.795s] [ext: omni.materialx.libs-1.0.7] startup
[0.801s] [ext: omni.kit.telemetry-0.5.2] startup
[0.823s] [ext: omni.usd.config-1.0.6] startup
[0.825s] [ext: omni.gpucompute.plugins-0.0.0] startup
[0.826s] [ext: omni.usd.libs-1.0.1] startup
[0.897s] [ext: omni.kit.loop-isaac-1.3.7] startup
[0.898s] [ext: omni.kit.test-2.0.1] startup
[0.932s] [ext: omni.mdl-56.0.3] startup
[0.946s] [ext: omni.iray.libs-0.0.0] startup
[0.952s] [ext: omni.mdl.neuraylib-0.2.12] startup
[0.953s] [ext: omni.kit.usd.mdl-1.1.5] startup
[1.022s] [ext: omni.kit.pipapi-0.0.0] startup
[1.022s] [ext: omni.appwindow-1.1.10] startup
[1.026s] [ext: omni.kit.renderer.core-1.1.0] startup
[1.130s] [ext: omni.kit.renderer.capture-0.0.0] startup
[1.132s] [ext: omni.kit.renderer.imgui-2.0.5] startup
[1.228s] [ext: omni.ui-2.27.1] startup
[1.235s] [ext: omni.kit.mainwindow-1.0.3] startup
[1.236s] [ext: carb.audio-0.1.0] startup
[1.238s] [ext: omni.uiaudio-1.0.0] startup
[1.239s] [ext: omni.kit.uiapp-0.0.0] startup
[1.239s] [ext: omni.usd.schema.metrics.assembler-107.3.1] startup
[1.241s] [ext: omni.usd.schema.physx-107.3.26] startup
[1.265s] [ext: omni.usd.schema.geospatial-0.0.0] startup
[1.267s] [ext: omni.usd.schema.audio-0.0.0] startup
[1.269s] [ext: omni.usd.schema.anim-0.0.0] startup
[1.284s] [ext: omni.usd.schema.flow-107.1.1] startup
[1.285s] [ext: omni.usd_resolver-1.0.0] startup
[1.288s] [ext: omni.usd.core-1.5.3] startup
[1.290s] [ext: omni.usd.schema.omni_sensors-0.0.0] startup
[1.308s] [ext: omni.usd.schema.semantics-0.0.0] startup
[1.310s] [ext: omni.usd.schema.omniscripting-1.0.0] startup
[1.313s] [ext: omni.usd.schema.omni_lens_distortion-0.0.0] startup
[1.314s] [ext: omni.usd.schema.omnigraph-1.0.0] startup
[1.318s] [ext: omni.kit.window.popup_dialog-2.0.24] startup
[1.321s] [ext: omni.graph.exec-0.9.6] startup
[1.321s] [ext: omni.kit.widget.nucleus_connector-2.0.1] startup
[1.323s] [ext: omni.kit.usd_undo-0.1.8] startup
[1.323s] [ext: omni.kit.exec.core-0.13.4] startup
[1.324s] [ext: omni.kit.actions.core-1.0.0] startup
[1.325s] [ext: omni.resourcemonitor-107.0.1] startup
[1.327s] [ext: omni.activity.core-1.0.3] startup
[1.328s] [ext: omni.timeline-1.0.14] startup
[1.329s] [ext: omni.kit.commands-1.4.10] startup
[1.331s] [ext: usdrt.scenegraph-7.6.1] startup
[1.358s] [ext: omni.kit.audiodeviceenum-1.0.2] startup
[1.359s] [ext: omni.hydra.usdrt_delegate-7.5.1] startup
[1.364s] [ext: omni.hydra.scene_delegate-0.3.4] startup
[1.367s] [ext: omni.usd-1.13.10] startup
[1.387s] [ext: omni.inspect-1.0.2] startup
[1.388s] [ext: omni.kit.notification_manager-1.0.10] startup
[1.389s] [ext: omni.graph.core-2.184.5] startup
[1.391s] [ext: isaacsim.core.deprecation_manager-0.2.7] startup
[1.391s] [ext: omni.anim.graph.schema-107.3.3] startup
[1.396s] [ext: omni.usd.schema.isaac-3.0.5] startup
[1.396s] [ext: omni.anim.navigation.schema-107.3.3] startup
[1.398s] [ext: omni.kit.asset_converter-5.0.17] startup
[1.407s] [ext: isaacsim.robot.schema-3.6.0] startup
[1.412s] [ext: omni.usd.schema.render_settings.rtx-0.0.0] startup
[1.413s] [ext: omni.kit.menu.core-1.1.2] startup
[1.413s] [ext: omni.kit.widget.path_field-2.0.11] startup
[1.414s] [ext: omni.kit.widget.context_menu-1.2.5] startup
[1.414s] [ext: omni.kit.widget.browser_bar-2.0.10] startup
[1.415s] [ext: omni.kit.clipboard-1.0.5] startup
[1.415s] [ext: omni.kit.numpy.common-0.1.3] startup
[1.416s] [ext: omni.kit.widget.options_menu-1.1.6] startup
[1.418s] [ext: omni.kit.helper.file_utils-0.1.9] startup
[1.419s] [ext: omni.ui.scene-1.11.5] startup
[1.422s] [ext: omni.kit.widget.options_button-1.0.3] startup
[1.422s] [ext: omni.kit.widget.filebrowser-2.12.3] startup
[1.425s] [ext: omni.kit.usd.layers-2.2.11] startup
[1.430s] [ext: omni.kit.window.filepicker-2.13.4] startup
[1.439s] [ext: omni.kit.hotkeys.core-1.3.10] startup
[1.441s] [ext: omni.kit.context_menu-1.8.6] startup
[1.442s] [ext: omni.kit.property.adapter.core-1.0.2] startup
[1.444s] [ext: omni.kit.window.file_exporter-1.0.33] startup
[1.445s] [ext: omni.kit.widget.searchfield-1.1.8] startup
[1.446s] [ext: omni.kit.widget.filter-1.1.4] startup
[1.446s] [ext: omni.kit.widget.graph-2.0.0] startup
[1.449s] [ext: omni.kit.widget.stage-3.1.4] startup
[1.456s] [ext: omni.kit.property.adapter.usd-1.0.2] startup
[1.457s] [ext: omni.kit.property.adapter.fabric-1.0.3] startup
[1.457s] [ext: omni.kit.graph.delegate.default-1.2.3] startup
[1.458s] [ext: omni.kit.window.file_importer-1.1.18] startup
[1.458s] [ext: omni.kit.stage_template.core-1.1.22] startup
[1.459s] [ext: omni.kit.menu.utils-2.0.5] startup
[1.462s] [ext: omni.kit.window.file-2.0.5] startup
[1.463s] [ext: omni.kit.widget.highlight_label-1.0.3] startup
[1.464s] [ext: omni.kit.window.drop_support-1.0.5] startup
[1.464s] [ext: omni.kit.window.content_browser_registry-0.0.6] startup
[1.464s] [ext: omni.kit.window.property-1.12.1] startup
[1.466s] [ext: omni.kit.window.content_browser-3.1.3] startup
[1.473s] [ext: isaacsim.core.version-2.0.6] startup
[1.474s] [ext: omni.kit.property.usd-4.5.12] startup
[1.480s] [ext: omni.kit.graph.editor.core-1.5.3] startup
[1.481s] [ext: omni.kit.material.library-2.0.7] startup
[1.484s] [ext: omni.kit.graph.usd.commands-1.3.1] startup
[1.485s] [ext: omni.kvdb-107.3.26] startup
[1.486s] [ext: omni.usdphysics-107.3.26] startup
[1.487s] [ext: omni.physx.foundation-107.3.26] startup
[1.488s] [ext: omni.localcache-107.3.26] startup
[1.489s] [ext: omni.convexdecomposition-107.3.26] startup
[1.491s] [ext: omni.physics-107.3.26] startup
[1.493s] [ext: omni.physx.cooking-107.3.26] startup
[1.495s] [ext: omni.physics.stageupdate-107.3.26] startup
[1.496s] [ext: omni.physx-107.3.26] startup
[1.503s] [ext: omni.index.libs-380600.8087.0] startup
[1.503s] [ext: omni.physics.physx-107.3.26] startup
2026-04-28T10:14:02Z [1,493ms] [Warning] [carb] Acquiring non optional plugin interface which is not listed as dependency: [omni::physx::IPhysxBenchmarks v1.0] (plugin: <default plugin>), by client: omni.physics.physx.plugin. Add it to CARB_PLUGIN_IMPL_DEPS() macro of a client.
[1.504s] [ext: omni.index-1.0.1] startup
[1.505s] [ext: omni.volume-0.5.2] startup
[1.507s] [ext: omni.ujitso.client-0.0.0] startup
[1.507s] [ext: omni.hydra.rtx.shadercache.vulkan-1.0.0] startup
[1.507s] [ext: omni.kit.widget.searchable_combobox-1.0.6] startup
[1.508s] [ext: omni.hydra.rtx-1.0.0] startup
2026-04-28T10:14:02Z [1,509ms] [Warning] [omni.log] Source: omni.hydra was already registered.
[1.532s] [ext: omni.kit.widget.settings-1.2.6] startup
[1.534s] [ext: omni.kit.hydra_texture-1.4.6] startup
[1.536s] [ext: omni.graph.tools-1.79.2] startup
[1.552s] [ext: omni.kit.window.preferences-1.8.0] startup
[1.555s] [ext: omni.kit.widget.material_preview-1.0.16] startup
[1.556s] [ext: omni.graph-1.141.2] startup
[1.584s] [ext: omni.kit.window.material_graph-1.9.1] startup
[1.590s] [ext: omni.isaac.dynamic_control-2.0.7] startup
2026-04-28T10:14:03Z [1,582ms] [Warning] [omni.isaac.dynamic_control] omni.isaac.dynamic_control is deprecated as of Isaac Sim 4.5. No action is needed from end-users.
[1.594s] [ext: isaacsim.storage.native-1.5.1] startup
[1.596s] [ext: omni.graph.scriptnode-1.50.0] startup
[1.598s] [ext: omni.hydra.engine.stats-1.0.3] startup
[1.602s] [ext: omni.kit.viewport.legacy_gizmos-1.0.19] startup
[1.604s] [ext: omni.kit.raycast.query-1.1.0] startup
[1.609s] [ext: omni.graph.action_core-1.1.7] startup
[1.610s] [ext: omni.kit.viewport.scene_camera_model-1.0.6] startup
[1.615s] [ext: omni.graph.image.core-0.6.1] startup
[1.616s] [ext: omni.kit.widget.viewport-107.1.3] startup
[1.621s] [ext: omni.kit.viewport.registry-104.0.6] startup
[1.624s] [ext: omni.usd.metrics.assembler-107.3.1] startup
[1.627s] [ext: omni.kit.viewport.window-107.2.0] startup
[1.640s] [ext: omni.kit.viewport.menubar.core-107.2.1] startup
[1.649s] [ext: omni.graph.image.nodes-1.3.1] startup
[1.650s] [ext: omni.usd.metrics.assembler.physics-107.3.26] startup
[1.651s] [ext: omni.warp.core-1.8.2] startup
[1.791s] [ext: omni.kit.viewport.utility-1.1.2] startup
[1.792s] [ext: omni.physics.tensors-107.3.26] startup
[1.797s] [ext: omni.syntheticdata-0.6.13] startup
[1.814s] [ext: isaacsim.test.docstring-1.1.0] startup
[1.820s] [ext: isaacsim.core.utils-3.5.1] startup
[1.823s] [ext: omni.physx.tensors-107.3.26] startup
[1.828s] [ext: omni.graph.nodes-1.170.10] startup
[1.837s] [ext: omni.graph.action_nodes-1.50.4] startup
[1.839s] [ext: omni.kit.primitive.mesh-1.0.17] startup
[1.846s] [ext: isaacsim.core.simulation_manager-1.4.4] startup
[2.831s] [ext: omni.graph.ui_nodes-1.50.5] startup
[2.834s] [ext: omni.graph.action-1.130.0] startup
[2.835s] [ext: omni.kit.stage_templates-2.0.0] startup
[2.839s] [ext: isaacsim.core.prims-0.6.1] startup
[2.858s] [ext: omni.warp-1.8.2] startup
[2.863s] [ext: omni.videoencoding-0.1.2] startup
[2.866s] [ext: isaacsim.core.api-4.8.0] startup
[2.875s] [ext: isaacsim.core.experimental.utils-0.3.0] startup
[2.882s] [ext: omni.replicator.core-1.12.27] startup
2026-04-28T10:14:04Z [2,881ms] [Warning] [pxr.Semantics] pxr.Semantics is deprecated - please use Semantics instead
2026-04-28T10:14:04Z [2,998ms] [Warning] [omni.graph.core.plugin] Found duplicate of category 'Replicator' - was 'Annotators', adding 'Fabric Reader'
2026-04-28T10:14:04Z [2,998ms] [Warning] [omni.graph.core.plugin] Category 'Replicator' not accepted on node type 'omni.replicator.core.FabricReader' in extension 'omni.replicator.core'
2026-04-28T10:14:04Z [2,998ms] [Warning] [omni.replicator.core.scripts.extension] No material configuration file, adding configuration to material settings directly.
[3.011s] [ext: isaacsim.core.experimental.prims-0.8.1] startup
[3.042s] [ext: omni.kit.window.extensions-1.4.27] startup
[3.051s] [ext: isaacsim.core.experimental.objects-0.4.0] startup
[3.054s] [ext: omni.ui_query-1.1.8] startup
[3.057s] [ext: omni.kit.manipulator.viewport-107.0.1] startup
[3.058s] [ext: isaacsim.robot.surface_gripper-3.3.1] startup
[3.061s] [ext: omni.kit.ui_test-1.3.7] startup
[3.064s] [ext: omni.graph.visualization.nodes-2.1.3] startup
[3.075s] [ext: isaacsim.robot_motion.lula-4.0.8] startup
[3.081s] [ext: isaacsim.core.nodes-3.4.3] startup
[3.088s] [ext: isaacsim.gui.components-1.2.1] startup
[3.102s] [ext: isaacsim.robot_motion.motion_generation-8.0.26] startup
[3.130s] [ext: isaacsim.robot.manipulators-3.3.6] startup
[3.139s] [ext: isaacsim.core.experimental.materials-0.4.0] startup
[3.150s] [ext: isaacsim.robot.manipulators.examples-1.1.2] startup
[3.152s] [ext: isaacsim.cortex.framework-1.0.12] startup
[3.156s] [ext: isaacsim.cortex.behaviors-2.0.14] startup
[3.158s] [ext: omni.isaac.cortex.sample_behaviors-2.0.5] startup
2026-04-28T10:14:04Z [3,149ms] [Warning] [omni.isaac.cortex] omni.isaac.cortex has been deprecated in favor of isaacsim.cortex.framework. Please update your code accordingly.
2026-04-28T10:14:04Z [3,150ms] [Warning] [omni.isaac.cortex.sample_behaviors] omni.isaac.cortex.sample_behaviors has been deprecated in favor of isaacsim.cortex.behaviors. Please update your code accordingly.
[3.162s] [ext: omni.kit.widget.zoombar-1.0.6] startup
[3.170s] [ext: isaacsim.gui.content_browser-0.1.11] startup
[3.179s] [ext: omni.kit.browser.core-2.3.13] startup
[3.221s] [ext: omni.kit.widget.stage_icons-1.0.8] startup
[3.226s] [ext: omni.kit.widget.prompt-1.0.7] startup
[3.239s] [ext: omni.kit.usd.collect-2.4.5] startup
[3.282s] [ext: omni.kit.browser.folder.core-1.10.9] startup
[3.383s] [ext: omni.kit.window.stage-2.6.1] startup
[3.528s] [ext: omni.kit.usdz_export-1.0.9] startup
[3.539s] [ext: omni.kit.tool.collect-2.2.18] startup
[3.550s] [ext: omni.kit.menu.stage-1.2.7] startup
[3.552s] [ext: omni.kit.tool.asset_importer-4.3.2] startup
[3.562s] [ext: isaacsim.robot.wheeled_robots-4.0.24] startup
[3.569s] [ext: isaacsim.examples.browser-0.2.1] startup
[3.574s] [ext: isaacsim.asset.importer.urdf-2.4.30] startup
[3.648s] [ext: omni.isaac.wheeled_robots-3.0.7] startup
2026-04-28T10:14:05Z [3,637ms] [Warning] [omni.isaac.wheeled_robots] omni.isaac.wheeled_robots has been deprecated in favor of isaacsim.robot.wheeled_robots. Please update your code accordingly.
2026-04-28T10:14:05Z [3,639ms] [Warning] [omni.isaac.wheeled_robots.controllers] omni.isaac.wheeled_robots has been deprecated in favor of isaacsim.robot.wheeled_robots. Please update your code accordingly.
2026-04-28T10:14:05Z [3,639ms] [Warning] [omni.isaac.wheeled_robots.controllers.ackermann_controller] omni.isaac.wheeled_robots has been deprecated in favor of isaacsim.robot.wheeled_robots. Please update your code accordingly.
2026-04-28T10:14:05Z [3,639ms] [Warning] [omni.isaac.wheeled_robots.controllers.differential_controller] omni.isaac.wheeled_robots has been deprecated in favor of isaacsim.robot.wheeled_robots. Please update your code accordingly.
2026-04-28T10:14:05Z [3,639ms] [Warning] [omni.isaac.wheeled_robots.controllers.holonomic_controller] omni.isaac.wheeled_robots has been deprecated in favor of isaacsim.robot.wheeled_robots. Please update your code accordingly.
2026-04-28T10:14:05Z [3,639ms] [Warning] [omni.isaac.wheeled_robots.controllers.quintic_path_planner] omni.isaac.wheeled_robots has been deprecated in favor of isaacsim.robot.wheeled_robots. Please update your code accordingly.
2026-04-28T10:14:05Z [3,639ms] [Warning] [omni.isaac.wheeled_robots.controllers.stanley_control] omni.isaac.wheeled_robots has been deprecated in favor of isaacsim.robot.wheeled_robots. Please update your code accordingly.
2026-04-28T10:14:05Z [3,639ms] [Warning] [omni.isaac.wheeled_robots.controllers.wheel_base_pose_controller] omni.isaac.wheeled_robots has been deprecated in favor of isaacsim.robot.wheeled_robots. Please update your code accordingly.
2026-04-28T10:14:05Z [3,639ms] [Warning] [omni.isaac.wheeled_robots.impl] omni.isaac.wheeled_robots has been deprecated in favor of isaacsim.robot.wheeled_robots. Please update your code accordingly.
2026-04-28T10:14:05Z [3,639ms] [Warning] [omni.isaac.wheeled_robots.robots] omni.isaac.wheeled_robots has been deprecated in favor of isaacsim.robot.wheeled_robots. Please update your code accordingly.
2026-04-28T10:14:05Z [3,639ms] [Warning] [omni.isaac.wheeled_robots.robots.holonomic_robot_usd_setup] omni.isaac.wheeled_robots has been deprecated in favor of isaacsim.robot.wheeled_robots. Please update your code accordingly.
2026-04-28T10:14:05Z [3,639ms] [Warning] [omni.isaac.wheeled_robots.robots.wheeled_robot] omni.isaac.wheeled_robots has been deprecated in favor of isaacsim.robot.wheeled_robots. Please update your code accordingly.
[3.651s] [ext: isaacsim.simulation_app-2.12.2] startup
[3.653s] [ext: omni.isaac.franka-1.0.7] startup
2026-04-28T10:14:05Z [3,642ms] [Warning] [omni.isaac.franka] omni.isaac.franka has been deprecated in favor of isaacsim.robot.manipulators.examples.franka. Please update your code accordingly.
2026-04-28T10:14:05Z [3,642ms] [Warning] [omni.isaac.franka.franka] omni.isaac.franka has been deprecated in favor of isaacsim.robot.manipulators.examples.franka. Please update your code accordingly.
2026-04-28T10:14:05Z [3,659ms] [Warning] [omni.isaac.franka.kinematics_solver] omni.isaac.franka has been deprecated in favor of isaacsim.robot.manipulators.examples.franka. Please update your code accordingly.
[3.670s] [ext: omni.isaac.kit-2.0.6] startup
2026-04-28T10:14:05Z [3,668ms] [Warning] [omni.isaac.kit] omni.isaac.kit has been deprecated in favor of isaacsim.simulation_app. Please update your code accordingly.
[3.680s] [ext: omni.kit.selection-0.1.6] startup
[3.681s] [ext: omni.isaac.lula-4.0.6] startup
2026-04-28T10:14:05Z [3,670ms] [Warning] [omni.isaac.lula] omni.isaac.lula has been deprecated in favor of isaacsim.robot_motion.lula. Please update your code accordingly.
[3.681s] [ext: isaacsim.robot_motion.lula_test_widget-1.0.12] startup
[3.683s] [ext: isaacsim.asset.browser-1.3.23] startup
[3.722s] [ext: omni.kit.viewport.actions-107.0.2] startup
[3.726s] [ext: isaacsim.gui.menu-2.4.4] startup
[3.730s] [ext: omni.isaac.manipulators-3.0.7] startup
2026-04-28T10:14:05Z [3,720ms] [Warning] [omni.isaac.manipulators] omni.isaac.manipulators has been deprecated in favor of isaacsim.robot.manipulators. Please update your code accordingly.
2026-04-28T10:14:05Z [3,720ms] [Warning] [omni.isaac.manipulators.controllers] omni.isaac.manipulators has been deprecated in favor of isaacsim.robot.manipulators. Please update your code accordingly.
2026-04-28T10:14:05Z [3,720ms] [Warning] [omni.isaac.manipulators.controllers.pick_place_controller] omni.isaac.manipulators has been deprecated in favor of isaacsim.robot.manipulators. Please update your code accordingly.
2026-04-28T10:14:05Z [3,722ms] [Warning] [omni.isaac.manipulators.controllers.stacking_controller] omni.isaac.manipulators has been deprecated in favor of isaacsim.robot.manipulators. Please update your code accordingly.
2026-04-28T10:14:05Z [3,722ms] [Warning] [omni.isaac.manipulators.grippers] omni.isaac.manipulators has been deprecated in favor of isaacsim.robot.manipulators. Please update your code accordingly.
2026-04-28T10:14:05Z [3,722ms] [Warning] [omni.isaac.manipulators.grippers.gripper] omni.isaac.manipulators has been deprecated in favor of isaacsim.robot.manipulators. Please update your code accordingly.
2026-04-28T10:14:05Z [3,722ms] [Warning] [omni.isaac.manipulators.grippers.parallel_gripper] omni.isaac.manipulators has been deprecated in favor of isaacsim.robot.manipulators. Please update your code accordingly.
2026-04-28T10:14:05Z [3,722ms] [Warning] [omni.isaac.manipulators.grippers.surface_gripper] omni.isaac.manipulators has been deprecated in favor of isaacsim.robot.manipulators. Please update your code accordingly.
2026-04-28T10:14:05Z [3,722ms] [Warning] [omni.isaac.manipulators.manipulators] omni.isaac.manipulators has been deprecated in favor of isaacsim.robot.manipulators. Please update your code accordingly.
2026-04-28T10:14:05Z [3,722ms] [Warning] [omni.isaac.manipulators.manipulators.single_manipulator] omni.isaac.manipulators has been deprecated in favor of isaacsim.robot.manipulators. Please update your code accordingly.
[3.733s] [ext: omni.isaac.lula_test_widget-1.0.6] startup
2026-04-28T10:14:05Z [3,724ms] [Warning] [omni.isaac.lula_test_widget] omni.isaac.lula_test_widget has been deprecated in favor of isaacsim.robot_motion.lula_test_widget. Please update your code accordingly.
[3.735s] [ext: omni.isaac.asset_browser-1.0.6] startup
2026-04-28T10:14:05Z [3,725ms] [Warning] [omni.isaac.asset_browser] omni.isaac.asset_browser has been deprecated in favor of isaacsim.asset.browser. Please update your code accordingly.
[3.737s] [ext: omni.kit.viewport.menubar.display-107.0.3] startup
[3.739s] [ext: omni.isaac.menu-1.0.6] startup
2026-04-28T10:14:05Z [3,729ms] [Warning] [omni.isaac.menu] omni.isaac.menu has been deprecated in favor of isaacsim.gui.menu. Please update your code accordingly.
[3.741s] [ext: omni.isaac.motion_generation-8.0.7] startup
2026-04-28T10:14:05Z [3,733ms] [Warning] [omni.isaac.motion_generation] omni.isaac.motion_generation has been deprecated in favor of isaacsim.robot_motion.motion_generation. Please update your code accordingly.
2026-04-28T10:14:05Z [3,734ms] [Warning] [omni.isaac.motion_generation.articulation_kinematics_solver] omni.isaac.motion_generation has been deprecated in favor of isaacsim.robot_motion.motion_generation. Please update your code accordingly.
2026-04-28T10:14:05Z [3,734ms] [Warning] [omni.isaac.motion_generation.articulation_motion_policy] omni.isaac.motion_generation has been deprecated in favor of isaacsim.robot_motion.motion_generation. Please update your code accordingly.
2026-04-28T10:14:05Z [3,734ms] [Warning] [omni.isaac.motion_generation.articulation_trajectory] omni.isaac.motion_generation has been deprecated in favor of isaacsim.robot_motion.motion_generation. Please update your code accordingly.
2026-04-28T10:14:05Z [3,735ms] [Warning] [omni.isaac.motion_generation.kinematics_interface] omni.isaac.motion_generation has been deprecated in favor of isaacsim.robot_motion.motion_generation. Please update your code accordingly.
2026-04-28T10:14:05Z [3,735ms] [Warning] [omni.isaac.motion_generation.lula] omni.isaac.motion_generation has been deprecated in favor of isaacsim.robot_motion.motion_generation. Please update your code accordingly.
2026-04-28T10:14:05Z [3,735ms] [Warning] [omni.isaac.motion_generation.lula.kinematics] omni.isaac.motion_generation has been deprecated in favor of isaacsim.robot_motion.motion_generation. Please update your code accordingly.
2026-04-28T10:14:05Z [3,735ms] [Warning] [omni.isaac.motion_generation.lula.motion_policies] omni.isaac.motion_generation has been deprecated in favor of isaacsim.robot_motion.motion_generation. Please update your code accordingly.
2026-04-28T10:14:05Z [3,735ms] [Warning] [omni.isaac.motion_generation.lula.path_planners] omni.isaac.motion_generation has been deprecated in favor of isaacsim.robot_motion.motion_generation. Please update your code accordingly.
2026-04-28T10:14:05Z [3,735ms] [Warning] [omni.isaac.motion_generation.lula.trajectory_generator] omni.isaac.motion_generation has been deprecated in favor of isaacsim.robot_motion.motion_generation. Please update your code accordingly.
2026-04-28T10:14:05Z [3,735ms] [Warning] [omni.isaac.motion_generation.motion_policy_controller] omni.isaac.motion_generation has been deprecated in favor of isaacsim.robot_motion.motion_generation. Please update your code accordingly.
2026-04-28T10:14:05Z [3,735ms] [Warning] [omni.isaac.motion_generation.motion_policy_interface] omni.isaac.motion_generation has been deprecated in favor of isaacsim.robot_motion.motion_generation. Please update your code accordingly.
2026-04-28T10:14:05Z [3,735ms] [Warning] [omni.isaac.motion_generation.path_planner_visualizer] omni.isaac.motion_generation has been deprecated in favor of isaacsim.robot_motion.motion_generation. Please update your code accordingly.
2026-04-28T10:14:05Z [3,735ms] [Warning] [omni.isaac.motion_generation.path_planning_interface] omni.isaac.motion_generation has been deprecated in favor of isaacsim.robot_motion.motion_generation. Please update your code accordingly.
2026-04-28T10:14:05Z [3,735ms] [Warning] [omni.isaac.motion_generation.trajectory] omni.isaac.motion_generation has been deprecated in favor of isaacsim.robot_motion.motion_generation. Please update your code accordingly.
2026-04-28T10:14:05Z [3,735ms] [Warning] [omni.isaac.motion_generation.world_interface] omni.isaac.motion_generation has been deprecated in favor of isaacsim.robot_motion.motion_generation. Please update your code accordingly.
[3.747s] [ext: omni.isaac.assets_check-0.3.13] startup
2026-04-28T10:14:05Z [3,737ms] [Warning] [omni.isaac.assets_check] omni.isaac.assets_check has been deprecated in favor of isaacsim.asset.browser. Please update your code accordingly.
[3.748s] [ext: isaacsim.gui.sensors.icon-2.0.3] startup
[3.757s] [ext: isaacsim.asset.importer.mjcf-2.5.13] startup
[3.762s] [ext: omni.sensors.nv.common-3.0.0] startup
[3.769s] [ext: isaacsim.sensors.physics-0.4.3] startup
[3.773s] [ext: omni.sensors.net-1.0.0] startup
[3.776s] [ext: omni.isaac.nucleus-1.0.6] startup
2026-04-28T10:14:05Z [3,766ms] [Warning] [omni.isaac.nucleus] omni.isaac.nucleus has been deprecated in favor of isaacsim.storage.native. Please update your code accordingly.
2026-04-28T10:14:05Z [3,766ms] [Warning] [omni.isaac.nucleus.nucleus] omni.isaac.nucleus.nucleus has been deprecated in favor of isaacsim.storage.native. Please update your code accordingly.
[3.777s] [ext: omni.sensors.nv.materials-2.0.0] startup
[3.781s] [ext: isaacsim.robot.policy.examples-4.1.11] startup
[3.783s] [ext: omni.sensors.nv.wpm-3.0.0] startup
[3.784s] [ext: omni.sensors.nv.lidar-3.0.0] startup
[3.790s] [ext: isaacsim.util.debug_draw-3.1.0] startup
[3.795s] [ext: omni.sensors.nv.radar-3.0.0] startup
[3.798s] [ext: omni.sensors.nv.ids-2.0.0] startup
[3.799s] [ext: isaacsim.core.cloner-1.4.10] startup
[3.800s] [ext: isaacsim.sensors.physx-2.3.2] startup
[3.804s] [ext: isaacsim.sensors.rtx-15.8.4] startup
[3.809s] [ext: isaacsim.sensors.camera-1.3.6] startup
[3.818s] [ext: omni.isaac.quadruped-3.0.7] startup
2026-04-28T10:14:05Z [3,810ms] [Warning] [omni.isaac.quadruped] omni.isaac.quadruped has been deprecated in favor of isaacsim.robot.policy.examples. Please update your code accordingly.
[3.822s] [ext: omni.isaac.cloner-1.0.7] startup
2026-04-28T10:14:05Z [3,812ms] [Warning] [omni.isaac.cloner] omni.isaac.cloner has been deprecated in favor of isaacsim.core.cloner. Please update your code accordingly.
[3.825s] [ext: omni.isaac.range_sensor-4.0.6] startup
2026-04-28T10:14:05Z [3,816ms] [Warning] [omni.isaac.range_sensor] omni.isaac.range_sensor has been deprecated in favor of isaacsim.sensors.physx. Please update your code accordingly.
2026-04-28T10:14:05Z [3,816ms] [Warning] [omni.isaac.range_sensor.commands] omni.isaac.range_sensor.commands has been deprecated in favor of isaacsim.sensors.physx.commands. Please update your code accordingly.
[3.827s] [ext: omni.isaac.sensor-13.0.7] startup
2026-04-28T10:14:05Z [3,817ms] [Warning] [omni.isaac.sensor] omni.isaac.sensor has been deprecated in favor of isaacsim.sensors.camera, isaacsim.sensors.physics, isaacsim.sensors.physx, and isaacsim.sensors.rtx. Please update your code accordingly.
2026-04-28T10:14:05Z [3,818ms] [Warning] [omni.isaac.sensor.camera] omni.isaac.sensor.camera has been deprecated in favor of isaacsim.sensors.camera.camera. Please update your code accordingly.
2026-04-28T10:14:05Z [3,818ms] [Warning] [omni.isaac.sensor.camera_view] omni.isaac.sensor.camera_view has been deprecated in favor of isaacsim.sensors.camera.camera_view. Please update your code accordingly.
2026-04-28T10:14:05Z [3,818ms] [Warning] [omni.isaac.sensor.commands] omni.isaac.sensor.commands has been deprecated in favor of isaacsim.sensors.physics.commands, isaacsim.sensors.physx.commands, and isaacsim.sensors.rtx.commands. Please update your code accordingly.
2026-04-28T10:14:05Z [3,818ms] [Warning] [omni.isaac.sensor.contact_sensor] omni.isaac.sensor.contact_sensor has been deprecated in favor of isaacsim.sensors.physics.contact_sensor. Please update your code accordingly.
2026-04-28T10:14:05Z [3,819ms] [Warning] [omni.isaac.sensor.imu_sensor] omni.isaac.sensor.imu_sensor has been deprecated in favor of isaacsim.sensors.physics.imu_sensor. Please update your code accordingly.
2026-04-28T10:14:05Z [3,821ms] [Warning] [omni.isaac.sensor.lidar_rtx] omni.isaac.sensor.lidar_rtx has been deprecated in favor of isaacsim.sensors.rtx.lidar_rtx. Please update your code accordingly.
2026-04-28T10:14:05Z [3,821ms] [Warning] [omni.isaac.sensor.rotating_lidar_physX] omni.isaac.sensor.imu_sensor has been deprecated in favor of isaacsim.sensors.physix.rotating_lidar_physX. Please update your code accordingly.
2026-04-28T10:14:05Z [3,821ms] [Warning] [omni.isaac.sensor.scripts.samples.contact_sensor] omni.isaac.sensor.scripts.samples.contact_sensor has been deprecated in favor of isaacsim.sensors.physics.scripts.samples.contact_sensor. Please update your code accordingly.
2026-04-28T10:14:05Z [3,821ms] [Warning] [omni.isaac.sensor.scripts.samples.imu_sensor] omni.isaac.sensor.scripts.samples.imu_sensor has been deprecated in favor of isaacsim.sensors.physics.scripts.samples.imu_sensor. Please update your code accordingly.
2026-04-28T10:14:05Z [3,821ms] [Warning] [omni.isaac.sensor.scripts.samples.lightbeam_sensor] omni.isaac.sensor.scripts.samples.lightbeam_sensor has been deprecated in favor of isaacsim.sensors.physx.scripts.samples.lightbeam_sensor. Please update your code accordingly.
[3.833s] [ext: omni.kit.menu.create-2.0.1] startup
[3.836s] [ext: omni.kit.widget.toolbar-2.0.1] startup
[3.846s] [ext: omni.kit.manipulator.transform-107.0.0] startup
[3.850s] [ext: omni.isaac.core-4.0.7] startup
2026-04-28T10:14:05Z [3,839ms] [Warning] [omni.isaac.core.physics_context.physics_context] omni.isaac.core.physics_context.physics_context has been deprecated in favor of isaacsim.core.api.physics_context.physics_context. Please update your code accordingly.
2026-04-28T10:14:05Z [3,839ms] [Warning] [omni.isaac.core.simulation_context.simulation_context] omni.isaac.core.simulation_context.simulation_context has been deprecated in favor of isaacsim.core.api.simulation_context.simulation_context. Please update your code accordingly.
2026-04-28T10:14:05Z [3,839ms] [Warning] [omni.isaac.core.world.world] omni.isaac.core.world.world has been deprecated in favor of isaacsim.core.api.world.world. Please update your code accordingly.
2026-04-28T10:14:05Z [3,839ms] [Warning] [omni.isaac.core] omni.isaac.core has been deprecated in favor of isaacsim.core.api. Please update your code accordingly.
[3.851s] [ext: omni.kit.scripting-107.3.2] startup
[3.855s] [ext: omni.kit.manipulator.tool.snap-1.5.13] startup
[3.858s] [ext: omni.kit.manipulator.selector-1.1.3] startup
[3.860s] [ext: isaacsim.app.about-2.0.11] startup
[3.864s] [ext: isaacsim.replicator.behavior-1.1.16] startup
[3.865s] [ext: omni.kit.viewport.manipulator.transform-107.0.4] startup
[3.867s] [ext: omni.isaac.window.about-2.0.7] startup
2026-04-28T10:14:05Z [3,857ms] [Warning] [omni.isaac.window.about] omni.isaac.window.about has been deprecated in favor of isaacsim.app.about. Please update your code accordingly.
2026-04-28T10:14:05Z [3,857ms] [Warning] [omni.isaac.window.about.about] omni.isaac.window.about.about has been deprecated in favor of isaacsim.app.about.about. Please update your code accordingly.
[3.869s] [ext: omni.fabric.commands-1.1.6] startup
[3.871s] [ext: omni.kit.manipulator.prim.core-107.0.8] startup
[3.876s] [ext: omni.kit.property.audio-1.0.16] startup
[3.878s] [ext: omni.kit.property.camera-1.0.10] startup
[3.879s] [ext: omni.kit.property.geometry-2.0.4] startup
[3.882s] [ext: omni.hydra.scene_api-0.1.2] startup
[3.886s] [ext: omni.kit.property.light-1.0.12] startup
[3.907s] [ext: omni.kit.manipulator.prim.fabric-107.0.4] startup
[3.909s] [ext: omni.kit.manipulator.prim.usd-107.0.3] startup
[3.911s] [ext: omni.kit.property.material-1.11.9] startup
[3.915s] [ext: omni.kit.property.render-1.2.1] startup
[3.916s] [ext: omni.kit.property.transform-1.5.13] startup
[3.920s] [ext: isaacsim.gui.property-1.1.3] startup
[3.921s] [ext: omni.kit.manipulator.camera-106.0.4] startup
[3.925s] [ext: omni.kit.manipulator.prim-107.0.0] startup
[3.925s] [ext: omni.isaac.surface_gripper-2.0.6] startup
2026-04-28T10:14:05Z [3,914ms] [Warning] [omni.isaac.surface_gripper] omni.isaac.surface_gripper has been deprecated in favor of isaacsim.robot.surface_gripper. Please update your code accordingly.
[3.925s] [ext: omni.kit.manipulator.selection-106.0.1] startup
[3.928s] [ext: omni.kit.property.bundle-1.4.1] startup
[3.929s] [ext: omni.kit.property.isaac-1.0.6] startup
2026-04-28T10:14:05Z [3,919ms] [Warning] [omni.kit.property.isaac] omni.kit.property.isaac has been deprecated in favor of isaacsim.gui.property. Please update your code accordingly.
2026-04-28T10:14:05Z [3,919ms] [Warning] [omni.kit.property.isaac.widgets] omni.kit.property.isaac.widgets has been deprecated in favor of isaacsim.gui.property.widgets. Please update your code accordingly.
[3.930s] [ext: omni.isaac.universal_robots-1.0.6] startup
2026-04-28T10:14:05Z [3,920ms] [Warning] [omni.isaac.universal_robots] omni.isaac.universal_robots has been deprecated in favor of isaacsim.robot.manipulators.examples.universal_robots. Please update your code accordingly.
2026-04-28T10:14:05Z [3,920ms] [Warning] [omni.isaac.universal_robots.kinematics_solver] omni.isaac.franka has been deprecated in favor of isaacsim.robot.manipulators.examples.universal_robots. Please update your code accordingly.
2026-04-28T10:14:05Z [3,921ms] [Warning] [omni.isaac.universal_robots.ur10] omni.isaac.franka has been deprecated in favor of isaacsim.robot.manipulators.examples.universal_robots. Please update your code accordingly.
[3.933s] [ext: omni.isaac.core_nodes-2.0.6] startup
2026-04-28T10:14:05Z [3,922ms] [Warning] [omni.isaac.core_nodes] omni.isaac.core_nodes has been deprecated in favor of isaacsim.core.nodes. Please update your code accordingly.
[3.934s] [ext: omni.kit.viewport.menubar.camera-107.0.6] startup
[3.943s] [ext: omni.kit.viewport.menubar.lighting-107.3.1] startup
[3.945s] [ext: isaacsim.replicator.writers-1.0.17] startup
[3.955s] [ext: omni.kit.viewport.menubar.render-107.0.10] startup
[3.958s] [ext: omni.kit.viewport.menubar.settings-107.0.3] startup
[3.964s] [ext: omni.kit.window.console-1.1.4] startup
[3.969s] [ext: isaacsim.replicator.domain_randomization-1.0.16] startup
[3.970s] [ext: isaacsim.replicator.examples-1.3.6] startup
[3.973s] [ext: omni.ocio-0.1.1] startup
[3.975s] [ext: omni.rtx.window.settings-0.6.19] startup
[3.982s] [ext: omni.kit.window.status_bar-0.1.9] startup
[3.987s] [ext: omni.kit.window.toolbar-2.0.0] startup
[3.994s] [ext: omni.replicator.isaac-2.0.8] startup
2026-04-28T10:14:05Z [3,984ms] [Warning] [omni.replicator.isaac] omni.replicator.isaac has been deprecated in favor of isaacsim.replicator.domain_randomization, isaacsim.replicator.examples, isaacsim.replicator.writers. Please update your code accordingly.
[3.995s] [ext: omni.replicator.replicator_yaml-2.0.11] startup
[4.010s] [ext: omni.rtx.settings.core-0.6.5] startup
[4.014s] [ext: omni.usd.metrics.assembler.ui-107.3.1] startup
[4.022s] [ext: omni.isaac.utils-2.0.6] startup
[4.023s] [ext: semantics.schema.editor-2.0.2] startup
[4.026s] [ext: omni.kit.ui.actions-1.0.5] startup
[4.027s] [ext: semantics.schema.property-2.0.1] startup
[4.029s] [ext: omni.isaac.version-2.0.7] startup
2026-04-28T10:14:05Z [4,018ms] [Warning] [omni.isaac.version] omni.isaac.version has been deprecated in favor of isaacsim.core.version. Please update your code accordingly.
[4.030s] [ext: omni.isaac.cortex-1.0.5] startup
[4.030s] [ext: omni.anim.curve.core-1.3.1] startup
[4.038s] [ext: isaacsim.core.throttling-2.2.2] startup
[4.039s] [ext: omni.kit.menu.common-2.0.1] startup
[4.041s] [ext: isaacsim.exp.base-5.1.0] startup
[4.042s] [ext: isaacsim.exp.base.python-5.1.0] startup
[4.043s] Simulation App Starting
2026-04-28T10:14:05Z [4,204ms] [Warning] [omni.fabric.plugin] Warning: attribute viewPickingId not found for bucket id 9

[4.306s] app ready
[6.472s] Simulation App Startup Complete
2026-04-28T10:14:08Z [6,679ms] [Warning] [omni.fabric.plugin] getAttributeCount called on non-existent path /World/RobotRight/orcahand_right_flattened_v1b/world/visuals/right_visual_tower_text_mesh
2026-04-28T10:14:08Z [6,679ms] [Warning] [omni.fabric.plugin] getTypes called on non-existent path /World/RobotRight/orcahand_right_flattened_v1b/world/visuals/right_visual_tower_text_mesh
2026-04-28T10:14:08Z [7,343ms] [Warning] [rtx.postprocessing.plugin] DLSS increasing input dimensions: Render resolution of (320, 240) is below minimal input resolution of 300.
2026-04-28T10:14:11Z [10,409ms] [Warning] [carb] Client gpu.foundation.plugin has acquired [gpu::unstable::IMemoryBudgetManagerFactory v0.1] 100 times. Consider accessing this interface with carb::getCachedInterface() (Performance warning)
[432.029s] Simulation App Shutting Down
[run_all] (fallback rename) outputs/20250804_104715_overlay_a0.50_qpos_duck_vda.mp4 -> experiments/hand_offset/outputs/v5_cx_minus15.mp4

============================================================
[run_all] v6_cx_plus15
============================================================
[Info] [carb] Logging to file: /home/shinben0327/miniconda3/envs/3dv/lib/python3.11/site-packages/isaacsim/kit/logs/Kit/Isaac-Sim Python/5.1/kit_20260428_122114.log
2026-04-28T10:21:14Z [0ms] [Warning] [carb.crashreporter-breakpad.plugin] [previous crash] preventing upload of minidump due to user opt-out: '/home/shinben0327/miniconda3/envs/3dv/lib/python3.11/site-packages/isaacsim/kit/data/Kit/Isaac-Sim Python/5.1/eff7d5d5-1367-40aa-750f2da2-5077d85b.dmp'
2026-04-28T10:21:14Z [1ms] [Warning] [carb.crashreporter-breakpad.plugin] [previous crash] preventing upload of minidump due to user opt-out: '/home/shinben0327/miniconda3/envs/3dv/lib/python3.11/site-packages/isaacsim/kit/data/Kit/Isaac-Sim Python/5.1/78516c7e-9a77-435e-ea4991b8-4568510e.dmp'
[0.029s] [ext: omni.kit.async_engine-0.0.3] startup
[0.091s] [ext: omni.metrics.core-0.0.3] startup
[0.091s] [ext: omni.client.lib-1.1.0] startup
[0.103s] [ext: omni.blobkey-1.1.2] startup
[0.103s] [ext: omni.stats-1.0.1] startup
[0.104s] [ext: omni.datastore-0.0.0] startup
[0.108s] [ext: omni.client-1.3.0] startup
[0.162s] [ext: omni.ujitso.default-1.0.0] startup
[0.163s] [ext: omni.hsscclient-1.1.2] startup
[0.166s] [ext: omni.gpu_foundation.shadercache.vulkan-1.0.0] startup
[0.168s] [ext: omni.assets.plugins-0.0.0] startup
[0.169s] [ext: omni.gpu_foundation-0.0.0] startup
[0.174s] [ext: carb.windowing.plugins-1.0.0] startup
[0.189s] [ext: omni.kit.renderer.init-0.0.0] startup

|---------------------------------------------------------------------------------------------|
| Driver Version: 580.126.09    | Graphics API: Vulkan
|=============================================================================================|
| GPU | Name                             | Active | LDA | GPU Memory | Vendor-ID | LUID       |
|     |                                  |        |     |            | Device-ID | UUID       |
|     |                                  |        |     |            | Bus-ID    |            |
|---------------------------------------------------------------------------------------------|
| 0   | NVIDIA GeForce RTX 4060 Laptop.. | Yes: 0 |     | 8188    MB | 10de      | 0          |
|     |                                  |        |     |            | 28e0      | 67d90d8d.. |
|     |                                  |        |     |            | 1         |            |
|=============================================================================================|
| OS: 24.04.4 LTS (Noble Numbat) ubuntu, Version: 24.04.4, Kernel: 6.17.0-22-generic
| XServer Vendor: The X.Org Foundation, XServer Version: 12101011 (1.21.1.11)
| Processor: 13th Gen Intel(R) Core(TM) i7-13700H
| Bare Metal Cores: 14 | Bare Metal Logical Cores: 28
| Available Cores:  20 
|---------------------------------------------------------------------------------------------|
| Total Memory (MB): 31887 | Free Memory: 17240
| Total Page/Swap (MB): 8191 | Free Page/Swap: 4448
|---------------------------------------------------------------------------------------------|
2026-04-28T10:21:15Z [746ms] [Warning] [gpu.foundation.plugin] CPU performance profile is set to powersave. This profile sets the CPU to the lowest frequency reducing performance.
[0.878s] [ext: omni.materialx.libs-1.0.7] startup
[0.884s] [ext: omni.kit.telemetry-0.5.2] startup
[0.900s] [ext: omni.usd.config-1.0.6] startup
[0.903s] [ext: omni.gpucompute.plugins-0.0.0] startup
[0.904s] [ext: omni.usd.libs-1.0.1] startup
[0.969s] [ext: omni.kit.loop-isaac-1.3.7] startup
[0.970s] [ext: omni.kit.test-2.0.1] startup
[1.006s] [ext: omni.mdl-56.0.3] startup
[1.020s] [ext: omni.iray.libs-0.0.0] startup
[1.024s] [ext: omni.mdl.neuraylib-0.2.12] startup
[1.025s] [ext: omni.kit.usd.mdl-1.1.5] startup
[1.087s] [ext: omni.kit.pipapi-0.0.0] startup
[1.087s] [ext: omni.appwindow-1.1.10] startup
[1.091s] [ext: omni.kit.renderer.core-1.1.0] startup
[1.185s] [ext: omni.kit.renderer.capture-0.0.0] startup
[1.187s] [ext: omni.kit.renderer.imgui-2.0.5] startup
[1.281s] [ext: omni.ui-2.27.1] startup
[1.288s] [ext: omni.kit.mainwindow-1.0.3] startup
[1.289s] [ext: carb.audio-0.1.0] startup
[1.293s] [ext: omni.uiaudio-1.0.0] startup
[1.294s] [ext: omni.kit.uiapp-0.0.0] startup
[1.294s] [ext: omni.usd.schema.metrics.assembler-107.3.1] startup
[1.295s] [ext: omni.usd.schema.physx-107.3.26] startup
[1.319s] [ext: omni.usd.schema.geospatial-0.0.0] startup
[1.321s] [ext: omni.usd.schema.audio-0.0.0] startup
[1.324s] [ext: omni.usd.schema.anim-0.0.0] startup
[1.338s] [ext: omni.usd.schema.flow-107.1.1] startup
[1.338s] [ext: omni.usd_resolver-1.0.0] startup
[1.341s] [ext: omni.usd.core-1.5.3] startup
[1.343s] [ext: omni.usd.schema.omni_sensors-0.0.0] startup
[1.360s] [ext: omni.usd.schema.semantics-0.0.0] startup
[1.362s] [ext: omni.usd.schema.omniscripting-1.0.0] startup
[1.366s] [ext: omni.usd.schema.omni_lens_distortion-0.0.0] startup
[1.366s] [ext: omni.usd.schema.omnigraph-1.0.0] startup
[1.370s] [ext: omni.kit.window.popup_dialog-2.0.24] startup
[1.372s] [ext: omni.graph.exec-0.9.6] startup
[1.373s] [ext: omni.kit.widget.nucleus_connector-2.0.1] startup
[1.374s] [ext: omni.kit.usd_undo-0.1.8] startup
[1.374s] [ext: omni.kit.exec.core-0.13.4] startup
[1.375s] [ext: omni.kit.actions.core-1.0.0] startup
[1.377s] [ext: omni.resourcemonitor-107.0.1] startup
[1.378s] [ext: omni.activity.core-1.0.3] startup
[1.380s] [ext: omni.timeline-1.0.14] startup
[1.382s] [ext: omni.kit.commands-1.4.10] startup
[1.386s] [ext: usdrt.scenegraph-7.6.1] startup
[1.412s] [ext: omni.kit.audiodeviceenum-1.0.2] startup
[1.413s] [ext: omni.hydra.usdrt_delegate-7.5.1] startup
[1.420s] [ext: omni.hydra.scene_delegate-0.3.4] startup
[1.423s] [ext: omni.usd-1.13.10] startup
[1.441s] [ext: omni.inspect-1.0.2] startup
[1.441s] [ext: omni.kit.notification_manager-1.0.10] startup
[1.442s] [ext: omni.graph.core-2.184.5] startup
[1.444s] [ext: isaacsim.core.deprecation_manager-0.2.7] startup
[1.445s] [ext: omni.anim.graph.schema-107.3.3] startup
[1.449s] [ext: omni.usd.schema.isaac-3.0.5] startup
[1.449s] [ext: omni.anim.navigation.schema-107.3.3] startup
[1.451s] [ext: omni.kit.asset_converter-5.0.17] startup
[1.459s] [ext: isaacsim.robot.schema-3.6.0] startup
[1.465s] [ext: omni.usd.schema.render_settings.rtx-0.0.0] startup
[1.466s] [ext: omni.kit.menu.core-1.1.2] startup
[1.466s] [ext: omni.kit.widget.path_field-2.0.11] startup
[1.467s] [ext: omni.kit.widget.context_menu-1.2.5] startup
[1.467s] [ext: omni.kit.widget.browser_bar-2.0.10] startup
[1.468s] [ext: omni.kit.clipboard-1.0.5] startup
[1.468s] [ext: omni.kit.numpy.common-0.1.3] startup
[1.469s] [ext: omni.kit.widget.options_menu-1.1.6] startup
[1.471s] [ext: omni.kit.helper.file_utils-0.1.9] startup
[1.472s] [ext: omni.ui.scene-1.11.5] startup
[1.475s] [ext: omni.kit.widget.options_button-1.0.3] startup
[1.476s] [ext: omni.kit.widget.filebrowser-2.12.3] startup
[1.479s] [ext: omni.kit.usd.layers-2.2.11] startup
[1.484s] [ext: omni.kit.window.filepicker-2.13.4] startup
[1.493s] [ext: omni.kit.hotkeys.core-1.3.10] startup
[1.495s] [ext: omni.kit.context_menu-1.8.6] startup
[1.496s] [ext: omni.kit.property.adapter.core-1.0.2] startup
[1.497s] [ext: omni.kit.window.file_exporter-1.0.33] startup
[1.499s] [ext: omni.kit.widget.searchfield-1.1.8] startup
[1.499s] [ext: omni.kit.widget.filter-1.1.4] startup
[1.500s] [ext: omni.kit.widget.graph-2.0.0] startup
[1.503s] [ext: omni.kit.widget.stage-3.1.4] startup
[1.510s] [ext: omni.kit.property.adapter.usd-1.0.2] startup
[1.510s] [ext: omni.kit.property.adapter.fabric-1.0.3] startup
[1.511s] [ext: omni.kit.graph.delegate.default-1.2.3] startup
[1.511s] [ext: omni.kit.window.file_importer-1.1.18] startup
[1.512s] [ext: omni.kit.stage_template.core-1.1.22] startup
[1.512s] [ext: omni.kit.menu.utils-2.0.5] startup
[1.515s] [ext: omni.kit.window.file-2.0.5] startup
[1.517s] [ext: omni.kit.widget.highlight_label-1.0.3] startup
[1.517s] [ext: omni.kit.window.drop_support-1.0.5] startup
[1.517s] [ext: omni.kit.window.content_browser_registry-0.0.6] startup
[1.518s] [ext: omni.kit.window.property-1.12.1] startup
[1.519s] [ext: omni.kit.window.content_browser-3.1.3] startup
[1.527s] [ext: isaacsim.core.version-2.0.6] startup
[1.527s] [ext: omni.kit.property.usd-4.5.12] startup
[1.534s] [ext: omni.kit.graph.editor.core-1.5.3] startup
[1.535s] [ext: omni.kit.material.library-2.0.7] startup
[1.538s] [ext: omni.kit.graph.usd.commands-1.3.1] startup
[1.539s] [ext: omni.kvdb-107.3.26] startup
[1.540s] [ext: omni.usdphysics-107.3.26] startup
[1.541s] [ext: omni.physx.foundation-107.3.26] startup
[1.542s] [ext: omni.localcache-107.3.26] startup
[1.543s] [ext: omni.convexdecomposition-107.3.26] startup
[1.545s] [ext: omni.physics-107.3.26] startup
[1.547s] [ext: omni.physx.cooking-107.3.26] startup
[1.549s] [ext: omni.physics.stageupdate-107.3.26] startup
[1.550s] [ext: omni.physx-107.3.26] startup
[1.557s] [ext: omni.index.libs-380600.8087.0] startup
[1.557s] [ext: omni.physics.physx-107.3.26] startup
2026-04-28T10:21:16Z [1,549ms] [Warning] [carb] Acquiring non optional plugin interface which is not listed as dependency: [omni::physx::IPhysxBenchmarks v1.0] (plugin: <default plugin>), by client: omni.physics.physx.plugin. Add it to CARB_PLUGIN_IMPL_DEPS() macro of a client.
[1.558s] [ext: omni.index-1.0.1] startup
[1.559s] [ext: omni.volume-0.5.2] startup
[1.560s] [ext: omni.ujitso.client-0.0.0] startup
[1.560s] [ext: omni.hydra.rtx.shadercache.vulkan-1.0.0] startup
[1.561s] [ext: omni.kit.widget.searchable_combobox-1.0.6] startup
[1.562s] [ext: omni.hydra.rtx-1.0.0] startup
2026-04-28T10:21:16Z [1,565ms] [Warning] [omni.log] Source: omni.hydra was already registered.
[1.586s] [ext: omni.kit.widget.settings-1.2.6] startup
[1.587s] [ext: omni.kit.hydra_texture-1.4.6] startup
[1.590s] [ext: omni.graph.tools-1.79.2] startup
[1.605s] [ext: omni.kit.window.preferences-1.8.0] startup
[1.608s] [ext: omni.kit.widget.material_preview-1.0.16] startup
[1.609s] [ext: omni.graph-1.141.2] startup
[1.636s] [ext: omni.kit.window.material_graph-1.9.1] startup
[1.643s] [ext: omni.isaac.dynamic_control-2.0.7] startup
2026-04-28T10:21:16Z [1,637ms] [Warning] [omni.isaac.dynamic_control] omni.isaac.dynamic_control is deprecated as of Isaac Sim 4.5. No action is needed from end-users.
[1.647s] [ext: isaacsim.storage.native-1.5.1] startup
[1.649s] [ext: omni.graph.scriptnode-1.50.0] startup
[1.650s] [ext: omni.hydra.engine.stats-1.0.3] startup
[1.656s] [ext: omni.kit.viewport.legacy_gizmos-1.0.19] startup
[1.659s] [ext: omni.kit.raycast.query-1.1.0] startup
[1.664s] [ext: omni.graph.action_core-1.1.7] startup
[1.666s] [ext: omni.kit.viewport.scene_camera_model-1.0.6] startup
[1.671s] [ext: omni.graph.image.core-0.6.1] startup
[1.672s] [ext: omni.kit.widget.viewport-107.1.3] startup
[1.675s] [ext: omni.kit.viewport.registry-104.0.6] startup
[1.676s] [ext: omni.usd.metrics.assembler-107.3.1] startup
[1.678s] [ext: omni.kit.viewport.window-107.2.0] startup
[1.691s] [ext: omni.kit.viewport.menubar.core-107.2.1] startup
[1.700s] [ext: omni.graph.image.nodes-1.3.1] startup
[1.701s] [ext: omni.usd.metrics.assembler.physics-107.3.26] startup
[1.702s] [ext: omni.warp.core-1.8.2] startup
[1.838s] [ext: omni.kit.viewport.utility-1.1.2] startup
[1.839s] [ext: omni.physics.tensors-107.3.26] startup
[1.844s] [ext: omni.syntheticdata-0.6.13] startup
[1.861s] [ext: isaacsim.test.docstring-1.1.0] startup
[1.866s] [ext: isaacsim.core.utils-3.5.1] startup
[1.871s] [ext: omni.physx.tensors-107.3.26] startup
[1.876s] [ext: omni.graph.nodes-1.170.10] startup
[1.885s] [ext: omni.graph.action_nodes-1.50.4] startup
[1.887s] [ext: omni.kit.primitive.mesh-1.0.17] startup
[1.895s] [ext: isaacsim.core.simulation_manager-1.4.4] startup
[2.960s] [ext: omni.graph.ui_nodes-1.50.5] startup
[2.963s] [ext: omni.graph.action-1.130.0] startup
[2.965s] [ext: omni.kit.stage_templates-2.0.0] startup
[2.968s] [ext: isaacsim.core.prims-0.6.1] startup
[2.995s] [ext: omni.warp-1.8.2] startup
[3.001s] [ext: omni.videoencoding-0.1.2] startup
[3.005s] [ext: isaacsim.core.api-4.8.0] startup
[3.018s] [ext: isaacsim.core.experimental.utils-0.3.0] startup
[3.036s] [ext: omni.replicator.core-1.12.27] startup
2026-04-28T10:21:17Z [3,055ms] [Warning] [pxr.Semantics] pxr.Semantics is deprecated - please use Semantics instead
2026-04-28T10:21:18Z [3,133ms] [Warning] [omni.graph.core.plugin] Found duplicate of category 'Replicator' - was 'Annotators', adding 'Fabric Reader'
2026-04-28T10:21:18Z [3,133ms] [Warning] [omni.graph.core.plugin] Category 'Replicator' not accepted on node type 'omni.replicator.core.FabricReader' in extension 'omni.replicator.core'
2026-04-28T10:21:18Z [3,134ms] [Warning] [omni.replicator.core.scripts.extension] No material configuration file, adding configuration to material settings directly.
[3.146s] [ext: isaacsim.core.experimental.prims-0.8.1] startup
[3.177s] [ext: omni.kit.window.extensions-1.4.27] startup
[3.184s] [ext: isaacsim.core.experimental.objects-0.4.0] startup
[3.187s] [ext: omni.ui_query-1.1.8] startup
[3.189s] [ext: omni.kit.manipulator.viewport-107.0.1] startup
[3.191s] [ext: isaacsim.robot.surface_gripper-3.3.1] startup
[3.194s] [ext: omni.kit.ui_test-1.3.7] startup
[3.197s] [ext: omni.graph.visualization.nodes-2.1.3] startup
[3.208s] [ext: isaacsim.robot_motion.lula-4.0.8] startup
[3.216s] [ext: isaacsim.core.nodes-3.4.3] startup
[3.226s] [ext: isaacsim.gui.components-1.2.1] startup
[3.241s] [ext: isaacsim.robot_motion.motion_generation-8.0.26] startup
[3.253s] [ext: isaacsim.robot.manipulators-3.3.6] startup
[3.259s] [ext: isaacsim.core.experimental.materials-0.4.0] startup
[3.272s] [ext: isaacsim.robot.manipulators.examples-1.1.2] startup
[3.277s] [ext: isaacsim.cortex.framework-1.0.12] startup
[3.298s] [ext: isaacsim.cortex.behaviors-2.0.14] startup
[3.315s] [ext: omni.isaac.cortex.sample_behaviors-2.0.5] startup
2026-04-28T10:21:18Z [3,309ms] [Warning] [omni.isaac.cortex] omni.isaac.cortex has been deprecated in favor of isaacsim.cortex.framework. Please update your code accordingly.
2026-04-28T10:21:18Z [3,312ms] [Warning] [omni.isaac.cortex.sample_behaviors] omni.isaac.cortex.sample_behaviors has been deprecated in favor of isaacsim.cortex.behaviors. Please update your code accordingly.
[3.328s] [ext: omni.kit.widget.zoombar-1.0.6] startup
[3.371s] [ext: isaacsim.gui.content_browser-0.1.11] startup
[3.401s] [ext: omni.kit.browser.core-2.3.13] startup
[3.548s] [ext: omni.kit.widget.stage_icons-1.0.8] startup
[3.601s] [ext: omni.kit.widget.prompt-1.0.7] startup
[3.619s] [ext: omni.kit.usd.collect-2.4.5] startup
[3.630s] [ext: omni.kit.browser.folder.core-1.10.9] startup
[3.637s] [ext: omni.kit.window.stage-2.6.1] startup
[3.645s] [ext: omni.kit.usdz_export-1.0.9] startup
[3.654s] [ext: omni.kit.tool.collect-2.2.18] startup
[3.657s] [ext: omni.kit.menu.stage-1.2.7] startup
[3.660s] [ext: omni.kit.tool.asset_importer-4.3.2] startup
[3.668s] [ext: isaacsim.robot.wheeled_robots-4.0.24] startup
[3.677s] [ext: isaacsim.examples.browser-0.2.1] startup
[3.684s] [ext: isaacsim.asset.importer.urdf-2.4.30] startup
[3.757s] [ext: omni.isaac.wheeled_robots-3.0.7] startup
2026-04-28T10:21:18Z [3,749ms] [Warning] [omni.isaac.wheeled_robots] omni.isaac.wheeled_robots has been deprecated in favor of isaacsim.robot.wheeled_robots. Please update your code accordingly.
2026-04-28T10:21:18Z [3,749ms] [Warning] [omni.isaac.wheeled_robots.controllers] omni.isaac.wheeled_robots has been deprecated in favor of isaacsim.robot.wheeled_robots. Please update your code accordingly.
2026-04-28T10:21:18Z [3,749ms] [Warning] [omni.isaac.wheeled_robots.controllers.ackermann_controller] omni.isaac.wheeled_robots has been deprecated in favor of isaacsim.robot.wheeled_robots. Please update your code accordingly.
2026-04-28T10:21:18Z [3,749ms] [Warning] [omni.isaac.wheeled_robots.controllers.differential_controller] omni.isaac.wheeled_robots has been deprecated in favor of isaacsim.robot.wheeled_robots. Please update your code accordingly.
2026-04-28T10:21:18Z [3,750ms] [Warning] [omni.isaac.wheeled_robots.controllers.holonomic_controller] omni.isaac.wheeled_robots has been deprecated in favor of isaacsim.robot.wheeled_robots. Please update your code accordingly.
2026-04-28T10:21:18Z [3,750ms] [Warning] [omni.isaac.wheeled_robots.controllers.quintic_path_planner] omni.isaac.wheeled_robots has been deprecated in favor of isaacsim.robot.wheeled_robots. Please update your code accordingly.
2026-04-28T10:21:18Z [3,751ms] [Warning] [omni.isaac.wheeled_robots.controllers.stanley_control] omni.isaac.wheeled_robots has been deprecated in favor of isaacsim.robot.wheeled_robots. Please update your code accordingly.
2026-04-28T10:21:18Z [3,751ms] [Warning] [omni.isaac.wheeled_robots.controllers.wheel_base_pose_controller] omni.isaac.wheeled_robots has been deprecated in favor of isaacsim.robot.wheeled_robots. Please update your code accordingly.
2026-04-28T10:21:18Z [3,752ms] [Warning] [omni.isaac.wheeled_robots.impl] omni.isaac.wheeled_robots has been deprecated in favor of isaacsim.robot.wheeled_robots. Please update your code accordingly.
2026-04-28T10:21:18Z [3,752ms] [Warning] [omni.isaac.wheeled_robots.robots] omni.isaac.wheeled_robots has been deprecated in favor of isaacsim.robot.wheeled_robots. Please update your code accordingly.
2026-04-28T10:21:18Z [3,754ms] [Warning] [omni.isaac.wheeled_robots.robots.holonomic_robot_usd_setup] omni.isaac.wheeled_robots has been deprecated in favor of isaacsim.robot.wheeled_robots. Please update your code accordingly.
2026-04-28T10:21:18Z [3,755ms] [Warning] [omni.isaac.wheeled_robots.robots.wheeled_robot] omni.isaac.wheeled_robots has been deprecated in favor of isaacsim.robot.wheeled_robots. Please update your code accordingly.
[3.765s] [ext: isaacsim.simulation_app-2.12.2] startup
[3.766s] [ext: omni.isaac.franka-1.0.7] startup
2026-04-28T10:21:18Z [3,757ms] [Warning] [omni.isaac.franka] omni.isaac.franka has been deprecated in favor of isaacsim.robot.manipulators.examples.franka. Please update your code accordingly.
2026-04-28T10:21:18Z [3,758ms] [Warning] [omni.isaac.franka.franka] omni.isaac.franka has been deprecated in favor of isaacsim.robot.manipulators.examples.franka. Please update your code accordingly.
2026-04-28T10:21:18Z [3,771ms] [Warning] [omni.isaac.franka.kinematics_solver] omni.isaac.franka has been deprecated in favor of isaacsim.robot.manipulators.examples.franka. Please update your code accordingly.
[3.780s] [ext: omni.isaac.kit-2.0.6] startup
2026-04-28T10:21:18Z [3,773ms] [Warning] [omni.isaac.kit] omni.isaac.kit has been deprecated in favor of isaacsim.simulation_app. Please update your code accordingly.
[3.783s] [ext: omni.kit.selection-0.1.6] startup
[3.784s] [ext: omni.isaac.lula-4.0.6] startup
2026-04-28T10:21:18Z [3,775ms] [Warning] [omni.isaac.lula] omni.isaac.lula has been deprecated in favor of isaacsim.robot_motion.lula. Please update your code accordingly.
[3.785s] [ext: isaacsim.robot_motion.lula_test_widget-1.0.12] startup
[3.787s] [ext: isaacsim.asset.browser-1.3.23] startup
[3.822s] [ext: omni.kit.viewport.actions-107.0.2] startup
[3.826s] [ext: isaacsim.gui.menu-2.4.4] startup
[3.830s] [ext: omni.isaac.manipulators-3.0.7] startup
2026-04-28T10:21:18Z [3,823ms] [Warning] [omni.isaac.manipulators] omni.isaac.manipulators has been deprecated in favor of isaacsim.robot.manipulators. Please update your code accordingly.
2026-04-28T10:21:18Z [3,823ms] [Warning] [omni.isaac.manipulators.controllers] omni.isaac.manipulators has been deprecated in favor of isaacsim.robot.manipulators. Please update your code accordingly.
2026-04-28T10:21:18Z [3,823ms] [Warning] [omni.isaac.manipulators.controllers.pick_place_controller] omni.isaac.manipulators has been deprecated in favor of isaacsim.robot.manipulators. Please update your code accordingly.
2026-04-28T10:21:18Z [3,824ms] [Warning] [omni.isaac.manipulators.controllers.stacking_controller] omni.isaac.manipulators has been deprecated in favor of isaacsim.robot.manipulators. Please update your code accordingly.
2026-04-28T10:21:18Z [3,824ms] [Warning] [omni.isaac.manipulators.grippers] omni.isaac.manipulators has been deprecated in favor of isaacsim.robot.manipulators. Please update your code accordingly.
2026-04-28T10:21:18Z [3,824ms] [Warning] [omni.isaac.manipulators.grippers.gripper] omni.isaac.manipulators has been deprecated in favor of isaacsim.robot.manipulators. Please update your code accordingly.
2026-04-28T10:21:18Z [3,825ms] [Warning] [omni.isaac.manipulators.grippers.parallel_gripper] omni.isaac.manipulators has been deprecated in favor of isaacsim.robot.manipulators. Please update your code accordingly.
2026-04-28T10:21:18Z [3,825ms] [Warning] [omni.isaac.manipulators.grippers.surface_gripper] omni.isaac.manipulators has been deprecated in favor of isaacsim.robot.manipulators. Please update your code accordingly.
2026-04-28T10:21:18Z [3,825ms] [Warning] [omni.isaac.manipulators.manipulators] omni.isaac.manipulators has been deprecated in favor of isaacsim.robot.manipulators. Please update your code accordingly.
2026-04-28T10:21:18Z [3,825ms] [Warning] [omni.isaac.manipulators.manipulators.single_manipulator] omni.isaac.manipulators has been deprecated in favor of isaacsim.robot.manipulators. Please update your code accordingly.
[3.834s] [ext: omni.isaac.lula_test_widget-1.0.6] startup
2026-04-28T10:21:18Z [3,827ms] [Warning] [omni.isaac.lula_test_widget] omni.isaac.lula_test_widget has been deprecated in favor of isaacsim.robot_motion.lula_test_widget. Please update your code accordingly.
[3.837s] [ext: omni.isaac.asset_browser-1.0.6] startup
2026-04-28T10:21:18Z [3,828ms] [Warning] [omni.isaac.asset_browser] omni.isaac.asset_browser has been deprecated in favor of isaacsim.asset.browser. Please update your code accordingly.
[3.837s] [ext: omni.kit.viewport.menubar.display-107.0.3] startup
[3.843s] [ext: omni.isaac.menu-1.0.6] startup
2026-04-28T10:21:18Z [3,834ms] [Warning] [omni.isaac.menu] omni.isaac.menu has been deprecated in favor of isaacsim.gui.menu. Please update your code accordingly.
[3.844s] [ext: omni.isaac.motion_generation-8.0.7] startup
2026-04-28T10:21:18Z [3,836ms] [Warning] [omni.isaac.motion_generation] omni.isaac.motion_generation has been deprecated in favor of isaacsim.robot_motion.motion_generation. Please update your code accordingly.
2026-04-28T10:21:18Z [3,836ms] [Warning] [omni.isaac.motion_generation.articulation_kinematics_solver] omni.isaac.motion_generation has been deprecated in favor of isaacsim.robot_motion.motion_generation. Please update your code accordingly.
2026-04-28T10:21:18Z [3,836ms] [Warning] [omni.isaac.motion_generation.articulation_motion_policy] omni.isaac.motion_generation has been deprecated in favor of isaacsim.robot_motion.motion_generation. Please update your code accordingly.
2026-04-28T10:21:18Z [3,837ms] [Warning] [omni.isaac.motion_generation.articulation_trajectory] omni.isaac.motion_generation has been deprecated in favor of isaacsim.robot_motion.motion_generation. Please update your code accordingly.
2026-04-28T10:21:18Z [3,837ms] [Warning] [omni.isaac.motion_generation.kinematics_interface] omni.isaac.motion_generation has been deprecated in favor of isaacsim.robot_motion.motion_generation. Please update your code accordingly.
2026-04-28T10:21:18Z [3,837ms] [Warning] [omni.isaac.motion_generation.lula] omni.isaac.motion_generation has been deprecated in favor of isaacsim.robot_motion.motion_generation. Please update your code accordingly.
2026-04-28T10:21:18Z [3,837ms] [Warning] [omni.isaac.motion_generation.lula.kinematics] omni.isaac.motion_generation has been deprecated in favor of isaacsim.robot_motion.motion_generation. Please update your code accordingly.
2026-04-28T10:21:18Z [3,837ms] [Warning] [omni.isaac.motion_generation.lula.motion_policies] omni.isaac.motion_generation has been deprecated in favor of isaacsim.robot_motion.motion_generation. Please update your code accordingly.
2026-04-28T10:21:18Z [3,837ms] [Warning] [omni.isaac.motion_generation.lula.path_planners] omni.isaac.motion_generation has been deprecated in favor of isaacsim.robot_motion.motion_generation. Please update your code accordingly.
2026-04-28T10:21:18Z [3,837ms] [Warning] [omni.isaac.motion_generation.lula.trajectory_generator] omni.isaac.motion_generation has been deprecated in favor of isaacsim.robot_motion.motion_generation. Please update your code accordingly.
2026-04-28T10:21:18Z [3,837ms] [Warning] [omni.isaac.motion_generation.motion_policy_controller] omni.isaac.motion_generation has been deprecated in favor of isaacsim.robot_motion.motion_generation. Please update your code accordingly.
2026-04-28T10:21:18Z [3,837ms] [Warning] [omni.isaac.motion_generation.motion_policy_interface] omni.isaac.motion_generation has been deprecated in favor of isaacsim.robot_motion.motion_generation. Please update your code accordingly.
2026-04-28T10:21:18Z [3,837ms] [Warning] [omni.isaac.motion_generation.path_planner_visualizer] omni.isaac.motion_generation has been deprecated in favor of isaacsim.robot_motion.motion_generation. Please update your code accordingly.
2026-04-28T10:21:18Z [3,837ms] [Warning] [omni.isaac.motion_generation.path_planning_interface] omni.isaac.motion_generation has been deprecated in favor of isaacsim.robot_motion.motion_generation. Please update your code accordingly.
2026-04-28T10:21:18Z [3,837ms] [Warning] [omni.isaac.motion_generation.trajectory] omni.isaac.motion_generation has been deprecated in favor of isaacsim.robot_motion.motion_generation. Please update your code accordingly.
2026-04-28T10:21:18Z [3,838ms] [Warning] [omni.isaac.motion_generation.world_interface] omni.isaac.motion_generation has been deprecated in favor of isaacsim.robot_motion.motion_generation. Please update your code accordingly.
[3.847s] [ext: omni.isaac.assets_check-0.3.13] startup
2026-04-28T10:21:18Z [3,839ms] [Warning] [omni.isaac.assets_check] omni.isaac.assets_check has been deprecated in favor of isaacsim.asset.browser. Please update your code accordingly.
[3.849s] [ext: isaacsim.gui.sensors.icon-2.0.3] startup
[3.859s] [ext: isaacsim.asset.importer.mjcf-2.5.13] startup
[3.863s] [ext: omni.sensors.nv.common-3.0.0] startup
[3.869s] [ext: isaacsim.sensors.physics-0.4.3] startup
[3.874s] [ext: omni.sensors.net-1.0.0] startup
[3.876s] [ext: omni.isaac.nucleus-1.0.6] startup
2026-04-28T10:21:18Z [3,867ms] [Warning] [omni.isaac.nucleus] omni.isaac.nucleus has been deprecated in favor of isaacsim.storage.native. Please update your code accordingly.
2026-04-28T10:21:18Z [3,868ms] [Warning] [omni.isaac.nucleus.nucleus] omni.isaac.nucleus.nucleus has been deprecated in favor of isaacsim.storage.native. Please update your code accordingly.
[3.877s] [ext: omni.sensors.nv.materials-2.0.0] startup
[3.881s] [ext: isaacsim.robot.policy.examples-4.1.11] startup
[3.882s] [ext: omni.sensors.nv.wpm-3.0.0] startup
[3.884s] [ext: omni.sensors.nv.lidar-3.0.0] startup
[3.890s] [ext: isaacsim.util.debug_draw-3.1.0] startup
[3.893s] [ext: omni.sensors.nv.radar-3.0.0] startup
[3.896s] [ext: omni.sensors.nv.ids-2.0.0] startup
[3.898s] [ext: isaacsim.core.cloner-1.4.10] startup
[3.899s] [ext: isaacsim.sensors.physx-2.3.2] startup
[3.902s] [ext: isaacsim.sensors.rtx-15.8.4] startup
[3.909s] [ext: isaacsim.sensors.camera-1.3.6] startup
[3.917s] [ext: omni.isaac.quadruped-3.0.7] startup
2026-04-28T10:21:18Z [3,909ms] [Warning] [omni.isaac.quadruped] omni.isaac.quadruped has been deprecated in favor of isaacsim.robot.policy.examples. Please update your code accordingly.
[3.919s] [ext: omni.isaac.cloner-1.0.7] startup
2026-04-28T10:21:18Z [3,911ms] [Warning] [omni.isaac.cloner] omni.isaac.cloner has been deprecated in favor of isaacsim.core.cloner. Please update your code accordingly.
[3.922s] [ext: omni.isaac.range_sensor-4.0.6] startup
2026-04-28T10:21:18Z [3,914ms] [Warning] [omni.isaac.range_sensor] omni.isaac.range_sensor has been deprecated in favor of isaacsim.sensors.physx. Please update your code accordingly.
2026-04-28T10:21:18Z [3,914ms] [Warning] [omni.isaac.range_sensor.commands] omni.isaac.range_sensor.commands has been deprecated in favor of isaacsim.sensors.physx.commands. Please update your code accordingly.
[3.925s] [ext: omni.isaac.sensor-13.0.7] startup
2026-04-28T10:21:18Z [3,918ms] [Warning] [omni.isaac.sensor] omni.isaac.sensor has been deprecated in favor of isaacsim.sensors.camera, isaacsim.sensors.physics, isaacsim.sensors.physx, and isaacsim.sensors.rtx. Please update your code accordingly.
2026-04-28T10:21:18Z [3,918ms] [Warning] [omni.isaac.sensor.camera] omni.isaac.sensor.camera has been deprecated in favor of isaacsim.sensors.camera.camera. Please update your code accordingly.
2026-04-28T10:21:18Z [3,918ms] [Warning] [omni.isaac.sensor.camera_view] omni.isaac.sensor.camera_view has been deprecated in favor of isaacsim.sensors.camera.camera_view. Please update your code accordingly.
2026-04-28T10:21:18Z [3,918ms] [Warning] [omni.isaac.sensor.commands] omni.isaac.sensor.commands has been deprecated in favor of isaacsim.sensors.physics.commands, isaacsim.sensors.physx.commands, and isaacsim.sensors.rtx.commands. Please update your code accordingly.
2026-04-28T10:21:18Z [3,918ms] [Warning] [omni.isaac.sensor.contact_sensor] omni.isaac.sensor.contact_sensor has been deprecated in favor of isaacsim.sensors.physics.contact_sensor. Please update your code accordingly.
2026-04-28T10:21:18Z [3,918ms] [Warning] [omni.isaac.sensor.imu_sensor] omni.isaac.sensor.imu_sensor has been deprecated in favor of isaacsim.sensors.physics.imu_sensor. Please update your code accordingly.
2026-04-28T10:21:18Z [3,918ms] [Warning] [omni.isaac.sensor.lidar_rtx] omni.isaac.sensor.lidar_rtx has been deprecated in favor of isaacsim.sensors.rtx.lidar_rtx. Please update your code accordingly.
2026-04-28T10:21:18Z [3,918ms] [Warning] [omni.isaac.sensor.rotating_lidar_physX] omni.isaac.sensor.imu_sensor has been deprecated in favor of isaacsim.sensors.physix.rotating_lidar_physX. Please update your code accordingly.
2026-04-28T10:21:18Z [3,920ms] [Warning] [omni.isaac.sensor.scripts.samples.contact_sensor] omni.isaac.sensor.scripts.samples.contact_sensor has been deprecated in favor of isaacsim.sensors.physics.scripts.samples.contact_sensor. Please update your code accordingly.
2026-04-28T10:21:18Z [3,921ms] [Warning] [omni.isaac.sensor.scripts.samples.imu_sensor] omni.isaac.sensor.scripts.samples.imu_sensor has been deprecated in favor of isaacsim.sensors.physics.scripts.samples.imu_sensor. Please update your code accordingly.
2026-04-28T10:21:18Z [3,921ms] [Warning] [omni.isaac.sensor.scripts.samples.lightbeam_sensor] omni.isaac.sensor.scripts.samples.lightbeam_sensor has been deprecated in favor of isaacsim.sensors.physx.scripts.samples.lightbeam_sensor. Please update your code accordingly.
[3.930s] [ext: omni.kit.menu.create-2.0.1] startup
[3.933s] [ext: omni.kit.widget.toolbar-2.0.1] startup
[3.943s] [ext: omni.kit.manipulator.transform-107.0.0] startup
[3.946s] [ext: omni.isaac.core-4.0.7] startup
2026-04-28T10:21:18Z [3,938ms] [Warning] [omni.isaac.core.physics_context.physics_context] omni.isaac.core.physics_context.physics_context has been deprecated in favor of isaacsim.core.api.physics_context.physics_context. Please update your code accordingly.
2026-04-28T10:21:18Z [3,938ms] [Warning] [omni.isaac.core.simulation_context.simulation_context] omni.isaac.core.simulation_context.simulation_context has been deprecated in favor of isaacsim.core.api.simulation_context.simulation_context. Please update your code accordingly.
2026-04-28T10:21:18Z [3,938ms] [Warning] [omni.isaac.core.world.world] omni.isaac.core.world.world has been deprecated in favor of isaacsim.core.api.world.world. Please update your code accordingly.
2026-04-28T10:21:18Z [3,938ms] [Warning] [omni.isaac.core] omni.isaac.core has been deprecated in favor of isaacsim.core.api. Please update your code accordingly.
[3.947s] [ext: omni.kit.scripting-107.3.2] startup
[3.952s] [ext: omni.kit.manipulator.tool.snap-1.5.13] startup
[3.955s] [ext: omni.kit.manipulator.selector-1.1.3] startup
[3.956s] [ext: isaacsim.app.about-2.0.11] startup
[3.960s] [ext: isaacsim.replicator.behavior-1.1.16] startup
[3.961s] [ext: omni.kit.viewport.manipulator.transform-107.0.4] startup
[3.964s] [ext: omni.isaac.window.about-2.0.7] startup
2026-04-28T10:21:18Z [3,955ms] [Warning] [omni.isaac.window.about] omni.isaac.window.about has been deprecated in favor of isaacsim.app.about. Please update your code accordingly.
2026-04-28T10:21:18Z [3,956ms] [Warning] [omni.isaac.window.about.about] omni.isaac.window.about.about has been deprecated in favor of isaacsim.app.about.about. Please update your code accordingly.
[3.965s] [ext: omni.fabric.commands-1.1.6] startup
[3.967s] [ext: omni.kit.manipulator.prim.core-107.0.8] startup
[3.972s] [ext: omni.kit.property.audio-1.0.16] startup
[3.973s] [ext: omni.kit.property.camera-1.0.10] startup
[3.975s] [ext: omni.kit.property.geometry-2.0.4] startup
[3.977s] [ext: omni.hydra.scene_api-0.1.2] startup
[3.981s] [ext: omni.kit.property.light-1.0.12] startup
[4.004s] [ext: omni.kit.manipulator.prim.fabric-107.0.4] startup
[4.005s] [ext: omni.kit.manipulator.prim.usd-107.0.3] startup
[4.007s] [ext: omni.kit.property.material-1.11.9] startup
[4.011s] [ext: omni.kit.property.render-1.2.1] startup
[4.013s] [ext: omni.kit.property.transform-1.5.13] startup
[4.016s] [ext: isaacsim.gui.property-1.1.3] startup
[4.017s] [ext: omni.kit.manipulator.camera-106.0.4] startup
[4.021s] [ext: omni.kit.manipulator.prim-107.0.0] startup
[4.021s] [ext: omni.isaac.surface_gripper-2.0.6] startup
2026-04-28T10:21:18Z [4,012ms] [Warning] [omni.isaac.surface_gripper] omni.isaac.surface_gripper has been deprecated in favor of isaacsim.robot.surface_gripper. Please update your code accordingly.
[4.022s] [ext: omni.kit.manipulator.selection-106.0.1] startup
[4.024s] [ext: omni.kit.property.bundle-1.4.1] startup
[4.026s] [ext: omni.kit.property.isaac-1.0.6] startup
2026-04-28T10:21:18Z [4,017ms] [Warning] [omni.kit.property.isaac] omni.kit.property.isaac has been deprecated in favor of isaacsim.gui.property. Please update your code accordingly.
2026-04-28T10:21:18Z [4,018ms] [Warning] [omni.kit.property.isaac.widgets] omni.kit.property.isaac.widgets has been deprecated in favor of isaacsim.gui.property.widgets. Please update your code accordingly.
[4.027s] [ext: omni.isaac.universal_robots-1.0.6] startup
2026-04-28T10:21:18Z [4,020ms] [Warning] [omni.isaac.universal_robots] omni.isaac.universal_robots has been deprecated in favor of isaacsim.robot.manipulators.examples.universal_robots. Please update your code accordingly.
2026-04-28T10:21:18Z [4,020ms] [Warning] [omni.isaac.universal_robots.kinematics_solver] omni.isaac.franka has been deprecated in favor of isaacsim.robot.manipulators.examples.universal_robots. Please update your code accordingly.
2026-04-28T10:21:18Z [4,021ms] [Warning] [omni.isaac.universal_robots.ur10] omni.isaac.franka has been deprecated in favor of isaacsim.robot.manipulators.examples.universal_robots. Please update your code accordingly.
[4.030s] [ext: omni.isaac.core_nodes-2.0.6] startup
2026-04-28T10:21:18Z [4,023ms] [Warning] [omni.isaac.core_nodes] omni.isaac.core_nodes has been deprecated in favor of isaacsim.core.nodes. Please update your code accordingly.
[4.033s] [ext: omni.kit.viewport.menubar.camera-107.0.6] startup
[4.039s] [ext: omni.kit.viewport.menubar.lighting-107.3.1] startup
[4.042s] [ext: isaacsim.replicator.writers-1.0.17] startup
[4.052s] [ext: omni.kit.viewport.menubar.render-107.0.10] startup
[4.056s] [ext: omni.kit.viewport.menubar.settings-107.0.3] startup
[4.065s] [ext: omni.kit.window.console-1.1.4] startup
[4.068s] [ext: isaacsim.replicator.domain_randomization-1.0.16] startup
[4.070s] [ext: isaacsim.replicator.examples-1.3.6] startup
[4.072s] [ext: omni.ocio-0.1.1] startup
[4.075s] [ext: omni.rtx.window.settings-0.6.19] startup
[4.084s] [ext: omni.kit.window.status_bar-0.1.9] startup
[4.092s] [ext: omni.kit.window.toolbar-2.0.0] startup
[4.095s] [ext: omni.replicator.isaac-2.0.8] startup
2026-04-28T10:21:18Z [4,086ms] [Warning] [omni.replicator.isaac] omni.replicator.isaac has been deprecated in favor of isaacsim.replicator.domain_randomization, isaacsim.replicator.examples, isaacsim.replicator.writers. Please update your code accordingly.
[4.096s] [ext: omni.replicator.replicator_yaml-2.0.11] startup
[4.108s] [ext: omni.rtx.settings.core-0.6.5] startup
[4.112s] [ext: omni.usd.metrics.assembler.ui-107.3.1] startup
[4.121s] [ext: omni.isaac.utils-2.0.6] startup
[4.122s] [ext: semantics.schema.editor-2.0.2] startup
[4.125s] [ext: omni.kit.ui.actions-1.0.5] startup
[4.127s] [ext: semantics.schema.property-2.0.1] startup
[4.128s] [ext: omni.isaac.version-2.0.7] startup
2026-04-28T10:21:19Z [4,120ms] [Warning] [omni.isaac.version] omni.isaac.version has been deprecated in favor of isaacsim.core.version. Please update your code accordingly.
[4.129s] [ext: omni.isaac.cortex-1.0.5] startup
[4.130s] [ext: omni.anim.curve.core-1.3.1] startup
[4.138s] [ext: isaacsim.core.throttling-2.2.2] startup
[4.140s] [ext: omni.kit.menu.common-2.0.1] startup
[4.141s] [ext: isaacsim.exp.base-5.1.0] startup
[4.142s] [ext: isaacsim.exp.base.python-5.1.0] startup
[4.143s] Simulation App Starting
2026-04-28T10:21:19Z [4,290ms] [Warning] [omni.fabric.plugin] Warning: attribute viewportHandle not found for bucket id 9

[4.385s] app ready
[6.507s] Simulation App Startup Complete
2026-04-28T10:21:21Z [6,716ms] [Warning] [omni.fabric.plugin] getAttributeCount called on non-existent path /World/RobotRight/orcahand_right_flattened_v1b/world/visuals/right_visual_tower_text_mesh
2026-04-28T10:21:21Z [6,716ms] [Warning] [omni.fabric.plugin] getTypes called on non-existent path /World/RobotRight/orcahand_right_flattened_v1b/world/visuals/right_visual_tower_text_mesh
2026-04-28T10:21:22Z [7,358ms] [Warning] [rtx.postprocessing.plugin] DLSS increasing input dimensions: Render resolution of (320, 240) is below minimal input resolution of 300.
2026-04-28T10:21:25Z [10,516ms] [Warning] [carb] Client gpu.foundation.plugin has acquired [gpu::unstable::IMemoryBudgetManagerFactory v0.1] 100 times. Consider accessing this interface with carb::getCachedInterface() (Performance warning)
[426.345s] Simulation App Shutting Down
[run_all] (fallback rename) outputs/20250804_104715_overlay_a0.50_qpos_duck_vda.mp4 -> experiments/hand_offset/outputs/v6_cx_plus15.mp4

============================================================
[run_all] v7_focal_scale_1p03
============================================================
[Info] [carb] Logging to file: /home/shinben0327/miniconda3/envs/3dv/lib/python3.11/site-packages/isaacsim/kit/logs/Kit/Isaac-Sim Python/5.1/kit_20260428_122822.log
2026-04-28T10:28:22Z [0ms] [Warning] [carb.crashreporter-breakpad.plugin] [previous crash] preventing upload of minidump due to user opt-out: '/home/shinben0327/miniconda3/envs/3dv/lib/python3.11/site-packages/isaacsim/kit/data/Kit/Isaac-Sim Python/5.1/eff7d5d5-1367-40aa-750f2da2-5077d85b.dmp'
2026-04-28T10:28:22Z [1ms] [Warning] [carb.crashreporter-breakpad.plugin] [previous crash] preventing upload of minidump due to user opt-out: '/home/shinben0327/miniconda3/envs/3dv/lib/python3.11/site-packages/isaacsim/kit/data/Kit/Isaac-Sim Python/5.1/78516c7e-9a77-435e-ea4991b8-4568510e.dmp'
[0.031s] [ext: omni.kit.async_engine-0.0.3] startup
[0.092s] [ext: omni.metrics.core-0.0.3] startup
[0.092s] [ext: omni.client.lib-1.1.0] startup
[0.102s] [ext: omni.blobkey-1.1.2] startup
[0.103s] [ext: omni.stats-1.0.1] startup
[0.103s] [ext: omni.datastore-0.0.0] startup
[0.107s] [ext: omni.client-1.3.0] startup
[0.161s] [ext: omni.ujitso.default-1.0.0] startup
[0.162s] [ext: omni.hsscclient-1.1.2] startup
[0.165s] [ext: omni.gpu_foundation.shadercache.vulkan-1.0.0] startup
[0.168s] [ext: omni.assets.plugins-0.0.0] startup
[0.169s] [ext: omni.gpu_foundation-0.0.0] startup
[0.174s] [ext: carb.windowing.plugins-1.0.0] startup
[0.180s] [ext: omni.kit.renderer.init-0.0.0] startup

|---------------------------------------------------------------------------------------------|
| Driver Version: 580.126.09    | Graphics API: Vulkan
|=============================================================================================|
| GPU | Name                             | Active | LDA | GPU Memory | Vendor-ID | LUID       |
|     |                                  |        |     |            | Device-ID | UUID       |
|     |                                  |        |     |            | Bus-ID    |            |
|---------------------------------------------------------------------------------------------|
| 0   | NVIDIA GeForce RTX 4060 Laptop.. | Yes: 0 |     | 8188    MB | 10de      | 0          |
|     |                                  |        |     |            | 28e0      | 67d90d8d.. |
|     |                                  |        |     |            | 1         |            |
|=============================================================================================|
| OS: 24.04.4 LTS (Noble Numbat) ubuntu, Version: 24.04.4, Kernel: 6.17.0-22-generic
| XServer Vendor: The X.Org Foundation, XServer Version: 12101011 (1.21.1.11)
| Processor: 13th Gen Intel(R) Core(TM) i7-13700H
| Bare Metal Cores: 14 | Bare Metal Logical Cores: 28
| Available Cores:  20 
|---------------------------------------------------------------------------------------------|
| Total Memory (MB): 31887 | Free Memory: 17261
| Total Page/Swap (MB): 8191 | Free Page/Swap: 4448
|---------------------------------------------------------------------------------------------|
2026-04-28T10:28:23Z [681ms] [Warning] [gpu.foundation.plugin] CPU performance profile is set to powersave. This profile sets the CPU to the lowest frequency reducing performance.
[0.811s] [ext: omni.materialx.libs-1.0.7] startup
[0.819s] [ext: omni.kit.telemetry-0.5.2] startup
[0.836s] [ext: omni.usd.config-1.0.6] startup
[0.839s] [ext: omni.gpucompute.plugins-0.0.0] startup
[0.840s] [ext: omni.usd.libs-1.0.1] startup
[0.906s] [ext: omni.kit.loop-isaac-1.3.7] startup
[0.907s] [ext: omni.kit.test-2.0.1] startup
[0.939s] [ext: omni.mdl-56.0.3] startup
[0.953s] [ext: omni.iray.libs-0.0.0] startup
[0.957s] [ext: omni.mdl.neuraylib-0.2.12] startup
[0.958s] [ext: omni.kit.usd.mdl-1.1.5] startup
[1.021s] [ext: omni.kit.pipapi-0.0.0] startup
[1.022s] [ext: omni.appwindow-1.1.10] startup
[1.025s] [ext: omni.kit.renderer.core-1.1.0] startup
[1.130s] [ext: omni.kit.renderer.capture-0.0.0] startup
[1.132s] [ext: omni.kit.renderer.imgui-2.0.5] startup
[1.236s] [ext: omni.ui-2.27.1] startup
[1.245s] [ext: omni.kit.mainwindow-1.0.3] startup
[1.246s] [ext: carb.audio-0.1.0] startup
[1.249s] [ext: omni.uiaudio-1.0.0] startup
[1.249s] [ext: omni.kit.uiapp-0.0.0] startup
[1.249s] [ext: omni.usd.schema.metrics.assembler-107.3.1] startup
[1.251s] [ext: omni.usd.schema.physx-107.3.26] startup
[1.274s] [ext: omni.usd.schema.geospatial-0.0.0] startup
[1.276s] [ext: omni.usd.schema.audio-0.0.0] startup
[1.278s] [ext: omni.usd.schema.anim-0.0.0] startup
[1.294s] [ext: omni.usd.schema.flow-107.1.1] startup
[1.294s] [ext: omni.usd_resolver-1.0.0] startup
[1.297s] [ext: omni.usd.core-1.5.3] startup
[1.300s] [ext: omni.usd.schema.omni_sensors-0.0.0] startup
[1.317s] [ext: omni.usd.schema.semantics-0.0.0] startup
[1.320s] [ext: omni.usd.schema.omniscripting-1.0.0] startup
[1.323s] [ext: omni.usd.schema.omni_lens_distortion-0.0.0] startup
[1.323s] [ext: omni.usd.schema.omnigraph-1.0.0] startup
[1.327s] [ext: omni.kit.window.popup_dialog-2.0.24] startup
[1.330s] [ext: omni.graph.exec-0.9.6] startup
[1.331s] [ext: omni.kit.widget.nucleus_connector-2.0.1] startup
[1.332s] [ext: omni.kit.usd_undo-0.1.8] startup
[1.333s] [ext: omni.kit.exec.core-0.13.4] startup
[1.334s] [ext: omni.kit.actions.core-1.0.0] startup
[1.335s] [ext: omni.resourcemonitor-107.0.1] startup
[1.337s] [ext: omni.activity.core-1.0.3] startup
[1.337s] [ext: omni.timeline-1.0.14] startup
[1.339s] [ext: omni.kit.commands-1.4.10] startup
[1.341s] [ext: usdrt.scenegraph-7.6.1] startup
[1.368s] [ext: omni.kit.audiodeviceenum-1.0.2] startup
[1.369s] [ext: omni.hydra.usdrt_delegate-7.5.1] startup
[1.374s] [ext: omni.hydra.scene_delegate-0.3.4] startup
[1.378s] [ext: omni.usd-1.13.10] startup
[1.396s] [ext: omni.inspect-1.0.2] startup
[1.397s] [ext: omni.kit.notification_manager-1.0.10] startup
[1.398s] [ext: omni.graph.core-2.184.5] startup
[1.400s] [ext: isaacsim.core.deprecation_manager-0.2.7] startup
[1.401s] [ext: omni.anim.graph.schema-107.3.3] startup
[1.405s] [ext: omni.usd.schema.isaac-3.0.5] startup
[1.405s] [ext: omni.anim.navigation.schema-107.3.3] startup
[1.407s] [ext: omni.kit.asset_converter-5.0.17] startup
[1.416s] [ext: isaacsim.robot.schema-3.6.0] startup
[1.423s] [ext: omni.usd.schema.render_settings.rtx-0.0.0] startup
[1.424s] [ext: omni.kit.menu.core-1.1.2] startup
[1.425s] [ext: omni.kit.widget.path_field-2.0.11] startup
[1.425s] [ext: omni.kit.widget.context_menu-1.2.5] startup
[1.426s] [ext: omni.kit.widget.browser_bar-2.0.10] startup
[1.427s] [ext: omni.kit.clipboard-1.0.5] startup
[1.427s] [ext: omni.kit.numpy.common-0.1.3] startup
[1.428s] [ext: omni.kit.widget.options_menu-1.1.6] startup
[1.430s] [ext: omni.kit.helper.file_utils-0.1.9] startup
[1.431s] [ext: omni.ui.scene-1.11.5] startup
[1.434s] [ext: omni.kit.widget.options_button-1.0.3] startup
[1.434s] [ext: omni.kit.widget.filebrowser-2.12.3] startup
[1.437s] [ext: omni.kit.usd.layers-2.2.11] startup
[1.443s] [ext: omni.kit.window.filepicker-2.13.4] startup
[1.452s] [ext: omni.kit.hotkeys.core-1.3.10] startup
[1.454s] [ext: omni.kit.context_menu-1.8.6] startup
[1.456s] [ext: omni.kit.property.adapter.core-1.0.2] startup
[1.457s] [ext: omni.kit.window.file_exporter-1.0.33] startup
[1.458s] [ext: omni.kit.widget.searchfield-1.1.8] startup
[1.459s] [ext: omni.kit.widget.filter-1.1.4] startup
[1.459s] [ext: omni.kit.widget.graph-2.0.0] startup
[1.463s] [ext: omni.kit.widget.stage-3.1.4] startup
[1.470s] [ext: omni.kit.property.adapter.usd-1.0.2] startup
[1.471s] [ext: omni.kit.property.adapter.fabric-1.0.3] startup
[1.472s] [ext: omni.kit.graph.delegate.default-1.2.3] startup
[1.472s] [ext: omni.kit.window.file_importer-1.1.18] startup
[1.472s] [ext: omni.kit.stage_template.core-1.1.22] startup
[1.473s] [ext: omni.kit.menu.utils-2.0.5] startup
[1.476s] [ext: omni.kit.window.file-2.0.5] startup
[1.478s] [ext: omni.kit.widget.highlight_label-1.0.3] startup
[1.478s] [ext: omni.kit.window.drop_support-1.0.5] startup
[1.478s] [ext: omni.kit.window.content_browser_registry-0.0.6] startup
[1.479s] [ext: omni.kit.window.property-1.12.1] startup
[1.481s] [ext: omni.kit.window.content_browser-3.1.3] startup
[1.488s] [ext: isaacsim.core.version-2.0.6] startup
[1.489s] [ext: omni.kit.property.usd-4.5.12] startup
[1.496s] [ext: omni.kit.graph.editor.core-1.5.3] startup
[1.497s] [ext: omni.kit.material.library-2.0.7] startup
[1.500s] [ext: omni.kit.graph.usd.commands-1.3.1] startup
[1.501s] [ext: omni.kvdb-107.3.26] startup
[1.502s] [ext: omni.usdphysics-107.3.26] startup
[1.504s] [ext: omni.physx.foundation-107.3.26] startup
[1.505s] [ext: omni.localcache-107.3.26] startup
[1.506s] [ext: omni.convexdecomposition-107.3.26] startup
[1.508s] [ext: omni.physics-107.3.26] startup
[1.510s] [ext: omni.physx.cooking-107.3.26] startup
[1.512s] [ext: omni.physics.stageupdate-107.3.26] startup
[1.513s] [ext: omni.physx-107.3.26] startup
[1.521s] [ext: omni.index.libs-380600.8087.0] startup
[1.521s] [ext: omni.physics.physx-107.3.26] startup
2026-04-28T10:28:23Z [1,511ms] [Warning] [carb] Acquiring non optional plugin interface which is not listed as dependency: [omni::physx::IPhysxBenchmarks v1.0] (plugin: <default plugin>), by client: omni.physics.physx.plugin. Add it to CARB_PLUGIN_IMPL_DEPS() macro of a client.
[1.522s] [ext: omni.index-1.0.1] startup
[1.522s] [ext: omni.volume-0.5.2] startup
[1.524s] [ext: omni.ujitso.client-0.0.0] startup
[1.525s] [ext: omni.hydra.rtx.shadercache.vulkan-1.0.0] startup
[1.525s] [ext: omni.kit.widget.searchable_combobox-1.0.6] startup
[1.526s] [ext: omni.hydra.rtx-1.0.0] startup
2026-04-28T10:28:23Z [1,529ms] [Warning] [omni.log] Source: omni.hydra was already registered.
[1.553s] [ext: omni.kit.widget.settings-1.2.6] startup
[1.554s] [ext: omni.kit.hydra_texture-1.4.6] startup
[1.557s] [ext: omni.graph.tools-1.79.2] startup
[1.573s] [ext: omni.kit.window.preferences-1.8.0] startup
[1.577s] [ext: omni.kit.widget.material_preview-1.0.16] startup
[1.578s] [ext: omni.graph-1.141.2] startup
[1.609s] [ext: omni.kit.window.material_graph-1.9.1] startup
[1.615s] [ext: omni.isaac.dynamic_control-2.0.7] startup
2026-04-28T10:28:24Z [1,608ms] [Warning] [omni.isaac.dynamic_control] omni.isaac.dynamic_control is deprecated as of Isaac Sim 4.5. No action is needed from end-users.
[1.620s] [ext: isaacsim.storage.native-1.5.1] startup
[1.621s] [ext: omni.graph.scriptnode-1.50.0] startup
[1.623s] [ext: omni.hydra.engine.stats-1.0.3] startup
[1.626s] [ext: omni.kit.viewport.legacy_gizmos-1.0.19] startup
[1.628s] [ext: omni.kit.raycast.query-1.1.0] startup
[1.632s] [ext: omni.graph.action_core-1.1.7] startup
[1.634s] [ext: omni.kit.viewport.scene_camera_model-1.0.6] startup
[1.638s] [ext: omni.graph.image.core-0.6.1] startup
[1.639s] [ext: omni.kit.widget.viewport-107.1.3] startup
[1.646s] [ext: omni.kit.viewport.registry-104.0.6] startup
[1.647s] [ext: omni.usd.metrics.assembler-107.3.1] startup
[1.650s] [ext: omni.kit.viewport.window-107.2.0] startup
[1.662s] [ext: omni.kit.viewport.menubar.core-107.2.1] startup
[1.671s] [ext: omni.graph.image.nodes-1.3.1] startup
[1.672s] [ext: omni.usd.metrics.assembler.physics-107.3.26] startup
[1.673s] [ext: omni.warp.core-1.8.2] startup
[1.810s] [ext: omni.kit.viewport.utility-1.1.2] startup
[1.811s] [ext: omni.physics.tensors-107.3.26] startup
[1.816s] [ext: omni.syntheticdata-0.6.13] startup
[1.833s] [ext: isaacsim.test.docstring-1.1.0] startup
[1.837s] [ext: isaacsim.core.utils-3.5.1] startup
[1.840s] [ext: omni.physx.tensors-107.3.26] startup
[1.844s] [ext: omni.graph.nodes-1.170.10] startup
[1.854s] [ext: omni.graph.action_nodes-1.50.4] startup
[1.857s] [ext: omni.kit.primitive.mesh-1.0.17] startup
[1.864s] [ext: isaacsim.core.simulation_manager-1.4.4] startup
[2.965s] [ext: omni.graph.ui_nodes-1.50.5] startup
[2.969s] [ext: omni.graph.action-1.130.0] startup
[2.969s] [ext: omni.kit.stage_templates-2.0.0] startup
[2.974s] [ext: isaacsim.core.prims-0.6.1] startup
[2.994s] [ext: omni.warp-1.8.2] startup
[2.999s] [ext: omni.videoencoding-0.1.2] startup
[3.005s] [ext: isaacsim.core.api-4.8.0] startup
[3.013s] [ext: isaacsim.core.experimental.utils-0.3.0] startup
[3.017s] [ext: omni.replicator.core-1.12.27] startup
2026-04-28T10:28:25Z [3,016ms] [Warning] [pxr.Semantics] pxr.Semantics is deprecated - please use Semantics instead
2026-04-28T10:28:25Z [3,139ms] [Warning] [omni.graph.core.plugin] Found duplicate of category 'Replicator' - was 'Annotators', adding 'Fabric Reader'
2026-04-28T10:28:25Z [3,139ms] [Warning] [omni.graph.core.plugin] Category 'Replicator' not accepted on node type 'omni.replicator.core.FabricReader' in extension 'omni.replicator.core'
2026-04-28T10:28:25Z [3,139ms] [Warning] [omni.replicator.core.scripts.extension] No material configuration file, adding configuration to material settings directly.
[3.153s] [ext: isaacsim.core.experimental.prims-0.8.1] startup
[3.184s] [ext: omni.kit.window.extensions-1.4.27] startup
[3.191s] [ext: isaacsim.core.experimental.objects-0.4.0] startup
[3.194s] [ext: omni.ui_query-1.1.8] startup
[3.197s] [ext: omni.kit.manipulator.viewport-107.0.1] startup
[3.201s] [ext: isaacsim.robot.surface_gripper-3.3.1] startup
[3.204s] [ext: omni.kit.ui_test-1.3.7] startup
[3.207s] [ext: omni.graph.visualization.nodes-2.1.3] startup
[3.215s] [ext: isaacsim.robot_motion.lula-4.0.8] startup
[3.227s] [ext: isaacsim.core.nodes-3.4.3] startup
[3.245s] [ext: isaacsim.gui.components-1.2.1] startup
[3.255s] [ext: isaacsim.robot_motion.motion_generation-8.0.26] startup
[3.294s] [ext: isaacsim.robot.manipulators-3.3.6] startup
[3.330s] [ext: isaacsim.core.experimental.materials-0.4.0] startup
[3.423s] [ext: isaacsim.robot.manipulators.examples-1.1.2] startup
[3.454s] [ext: isaacsim.cortex.framework-1.0.12] startup
[3.493s] [ext: isaacsim.cortex.behaviors-2.0.14] startup
[3.508s] [ext: omni.isaac.cortex.sample_behaviors-2.0.5] startup
2026-04-28T10:28:25Z [3,502ms] [Warning] [omni.isaac.cortex] omni.isaac.cortex has been deprecated in favor of isaacsim.cortex.framework. Please update your code accordingly.
2026-04-28T10:28:25Z [3,524ms] [Warning] [omni.isaac.cortex.sample_behaviors] omni.isaac.cortex.sample_behaviors has been deprecated in favor of isaacsim.cortex.behaviors. Please update your code accordingly.
[3.537s] [ext: omni.kit.widget.zoombar-1.0.6] startup
[3.579s] [ext: isaacsim.gui.content_browser-0.1.11] startup
[3.649s] [ext: omni.kit.browser.core-2.3.13] startup
[3.656s] [ext: omni.kit.widget.stage_icons-1.0.8] startup
[3.658s] [ext: omni.kit.widget.prompt-1.0.7] startup
[3.659s] [ext: omni.kit.usd.collect-2.4.5] startup
[3.662s] [ext: omni.kit.browser.folder.core-1.10.9] startup
[3.668s] [ext: omni.kit.window.stage-2.6.1] startup
[3.675s] [ext: omni.kit.usdz_export-1.0.9] startup
[3.678s] [ext: omni.kit.tool.collect-2.2.18] startup
[3.686s] [ext: omni.kit.menu.stage-1.2.7] startup
[3.688s] [ext: omni.kit.tool.asset_importer-4.3.2] startup
[3.698s] [ext: isaacsim.robot.wheeled_robots-4.0.24] startup
[3.712s] [ext: isaacsim.examples.browser-0.2.1] startup
[3.717s] [ext: isaacsim.asset.importer.urdf-2.4.30] startup
[3.789s] [ext: omni.isaac.wheeled_robots-3.0.7] startup
2026-04-28T10:28:26Z [3,780ms] [Warning] [omni.isaac.wheeled_robots] omni.isaac.wheeled_robots has been deprecated in favor of isaacsim.robot.wheeled_robots. Please update your code accordingly.
2026-04-28T10:28:26Z [3,780ms] [Warning] [omni.isaac.wheeled_robots.controllers] omni.isaac.wheeled_robots has been deprecated in favor of isaacsim.robot.wheeled_robots. Please update your code accordingly.
2026-04-28T10:28:26Z [3,780ms] [Warning] [omni.isaac.wheeled_robots.controllers.ackermann_controller] omni.isaac.wheeled_robots has been deprecated in favor of isaacsim.robot.wheeled_robots. Please update your code accordingly.
2026-04-28T10:28:26Z [3,780ms] [Warning] [omni.isaac.wheeled_robots.controllers.differential_controller] omni.isaac.wheeled_robots has been deprecated in favor of isaacsim.robot.wheeled_robots. Please update your code accordingly.
2026-04-28T10:28:26Z [3,780ms] [Warning] [omni.isaac.wheeled_robots.controllers.holonomic_controller] omni.isaac.wheeled_robots has been deprecated in favor of isaacsim.robot.wheeled_robots. Please update your code accordingly.
2026-04-28T10:28:26Z [3,780ms] [Warning] [omni.isaac.wheeled_robots.controllers.quintic_path_planner] omni.isaac.wheeled_robots has been deprecated in favor of isaacsim.robot.wheeled_robots. Please update your code accordingly.
2026-04-28T10:28:26Z [3,780ms] [Warning] [omni.isaac.wheeled_robots.controllers.stanley_control] omni.isaac.wheeled_robots has been deprecated in favor of isaacsim.robot.wheeled_robots. Please update your code accordingly.
2026-04-28T10:28:26Z [3,781ms] [Warning] [omni.isaac.wheeled_robots.controllers.wheel_base_pose_controller] omni.isaac.wheeled_robots has been deprecated in favor of isaacsim.robot.wheeled_robots. Please update your code accordingly.
2026-04-28T10:28:26Z [3,781ms] [Warning] [omni.isaac.wheeled_robots.impl] omni.isaac.wheeled_robots has been deprecated in favor of isaacsim.robot.wheeled_robots. Please update your code accordingly.
2026-04-28T10:28:26Z [3,781ms] [Warning] [omni.isaac.wheeled_robots.robots] omni.isaac.wheeled_robots has been deprecated in favor of isaacsim.robot.wheeled_robots. Please update your code accordingly.
2026-04-28T10:28:26Z [3,781ms] [Warning] [omni.isaac.wheeled_robots.robots.holonomic_robot_usd_setup] omni.isaac.wheeled_robots has been deprecated in favor of isaacsim.robot.wheeled_robots. Please update your code accordingly.
2026-04-28T10:28:26Z [3,781ms] [Warning] [omni.isaac.wheeled_robots.robots.wheeled_robot] omni.isaac.wheeled_robots has been deprecated in favor of isaacsim.robot.wheeled_robots. Please update your code accordingly.
[3.792s] [ext: isaacsim.simulation_app-2.12.2] startup
[3.794s] [ext: omni.isaac.franka-1.0.7] startup
2026-04-28T10:28:26Z [3,784ms] [Warning] [omni.isaac.franka] omni.isaac.franka has been deprecated in favor of isaacsim.robot.manipulators.examples.franka. Please update your code accordingly.
2026-04-28T10:28:26Z [3,784ms] [Warning] [omni.isaac.franka.franka] omni.isaac.franka has been deprecated in favor of isaacsim.robot.manipulators.examples.franka. Please update your code accordingly.
2026-04-28T10:28:26Z [3,802ms] [Warning] [omni.isaac.franka.kinematics_solver] omni.isaac.franka has been deprecated in favor of isaacsim.robot.manipulators.examples.franka. Please update your code accordingly.
[3.814s] [ext: omni.isaac.kit-2.0.6] startup
2026-04-28T10:28:26Z [3,804ms] [Warning] [omni.isaac.kit] omni.isaac.kit has been deprecated in favor of isaacsim.simulation_app. Please update your code accordingly.
[3.815s] [ext: omni.kit.selection-0.1.6] startup
[3.817s] [ext: omni.isaac.lula-4.0.6] startup
2026-04-28T10:28:26Z [3,806ms] [Warning] [omni.isaac.lula] omni.isaac.lula has been deprecated in favor of isaacsim.robot_motion.lula. Please update your code accordingly.
[3.817s] [ext: isaacsim.robot_motion.lula_test_widget-1.0.12] startup
[3.819s] [ext: isaacsim.asset.browser-1.3.23] startup
[3.854s] [ext: omni.kit.viewport.actions-107.0.2] startup
[3.858s] [ext: isaacsim.gui.menu-2.4.4] startup
[3.862s] [ext: omni.isaac.manipulators-3.0.7] startup
2026-04-28T10:28:26Z [3,852ms] [Warning] [omni.isaac.manipulators] omni.isaac.manipulators has been deprecated in favor of isaacsim.robot.manipulators. Please update your code accordingly.
2026-04-28T10:28:26Z [3,852ms] [Warning] [omni.isaac.manipulators.controllers] omni.isaac.manipulators has been deprecated in favor of isaacsim.robot.manipulators. Please update your code accordingly.
2026-04-28T10:28:26Z [3,852ms] [Warning] [omni.isaac.manipulators.controllers.pick_place_controller] omni.isaac.manipulators has been deprecated in favor of isaacsim.robot.manipulators. Please update your code accordingly.
2026-04-28T10:28:26Z [3,854ms] [Warning] [omni.isaac.manipulators.controllers.stacking_controller] omni.isaac.manipulators has been deprecated in favor of isaacsim.robot.manipulators. Please update your code accordingly.
2026-04-28T10:28:26Z [3,854ms] [Warning] [omni.isaac.manipulators.grippers] omni.isaac.manipulators has been deprecated in favor of isaacsim.robot.manipulators. Please update your code accordingly.
2026-04-28T10:28:26Z [3,854ms] [Warning] [omni.isaac.manipulators.grippers.gripper] omni.isaac.manipulators has been deprecated in favor of isaacsim.robot.manipulators. Please update your code accordingly.
2026-04-28T10:28:26Z [3,854ms] [Warning] [omni.isaac.manipulators.grippers.parallel_gripper] omni.isaac.manipulators has been deprecated in favor of isaacsim.robot.manipulators. Please update your code accordingly.
2026-04-28T10:28:26Z [3,854ms] [Warning] [omni.isaac.manipulators.grippers.surface_gripper] omni.isaac.manipulators has been deprecated in favor of isaacsim.robot.manipulators. Please update your code accordingly.
2026-04-28T10:28:26Z [3,854ms] [Warning] [omni.isaac.manipulators.manipulators] omni.isaac.manipulators has been deprecated in favor of isaacsim.robot.manipulators. Please update your code accordingly.
2026-04-28T10:28:26Z [3,854ms] [Warning] [omni.isaac.manipulators.manipulators.single_manipulator] omni.isaac.manipulators has been deprecated in favor of isaacsim.robot.manipulators. Please update your code accordingly.
[3.867s] [ext: omni.isaac.lula_test_widget-1.0.6] startup
2026-04-28T10:28:26Z [3,857ms] [Warning] [omni.isaac.lula_test_widget] omni.isaac.lula_test_widget has been deprecated in favor of isaacsim.robot_motion.lula_test_widget. Please update your code accordingly.
[3.868s] [ext: omni.isaac.asset_browser-1.0.6] startup
2026-04-28T10:28:26Z [3,859ms] [Warning] [omni.isaac.asset_browser] omni.isaac.asset_browser has been deprecated in favor of isaacsim.asset.browser. Please update your code accordingly.
[3.870s] [ext: omni.kit.viewport.menubar.display-107.0.3] startup
[3.874s] [ext: omni.isaac.menu-1.0.6] startup
2026-04-28T10:28:26Z [3,863ms] [Warning] [omni.isaac.menu] omni.isaac.menu has been deprecated in favor of isaacsim.gui.menu. Please update your code accordingly.
[3.875s] [ext: omni.isaac.motion_generation-8.0.7] startup
2026-04-28T10:28:26Z [3,865ms] [Warning] [omni.isaac.motion_generation] omni.isaac.motion_generation has been deprecated in favor of isaacsim.robot_motion.motion_generation. Please update your code accordingly.
2026-04-28T10:28:26Z [3,865ms] [Warning] [omni.isaac.motion_generation.articulation_kinematics_solver] omni.isaac.motion_generation has been deprecated in favor of isaacsim.robot_motion.motion_generation. Please update your code accordingly.
2026-04-28T10:28:26Z [3,866ms] [Warning] [omni.isaac.motion_generation.articulation_motion_policy] omni.isaac.motion_generation has been deprecated in favor of isaacsim.robot_motion.motion_generation. Please update your code accordingly.
2026-04-28T10:28:26Z [3,867ms] [Warning] [omni.isaac.motion_generation.articulation_trajectory] omni.isaac.motion_generation has been deprecated in favor of isaacsim.robot_motion.motion_generation. Please update your code accordingly.
2026-04-28T10:28:26Z [3,867ms] [Warning] [omni.isaac.motion_generation.kinematics_interface] omni.isaac.motion_generation has been deprecated in favor of isaacsim.robot_motion.motion_generation. Please update your code accordingly.
2026-04-28T10:28:26Z [3,867ms] [Warning] [omni.isaac.motion_generation.lula] omni.isaac.motion_generation has been deprecated in favor of isaacsim.robot_motion.motion_generation. Please update your code accordingly.
2026-04-28T10:28:26Z [3,867ms] [Warning] [omni.isaac.motion_generation.lula.kinematics] omni.isaac.motion_generation has been deprecated in favor of isaacsim.robot_motion.motion_generation. Please update your code accordingly.
2026-04-28T10:28:26Z [3,867ms] [Warning] [omni.isaac.motion_generation.lula.motion_policies] omni.isaac.motion_generation has been deprecated in favor of isaacsim.robot_motion.motion_generation. Please update your code accordingly.
2026-04-28T10:28:26Z [3,867ms] [Warning] [omni.isaac.motion_generation.lula.path_planners] omni.isaac.motion_generation has been deprecated in favor of isaacsim.robot_motion.motion_generation. Please update your code accordingly.
2026-04-28T10:28:26Z [3,867ms] [Warning] [omni.isaac.motion_generation.lula.trajectory_generator] omni.isaac.motion_generation has been deprecated in favor of isaacsim.robot_motion.motion_generation. Please update your code accordingly.
2026-04-28T10:28:26Z [3,869ms] [Warning] [omni.isaac.motion_generation.motion_policy_controller] omni.isaac.motion_generation has been deprecated in favor of isaacsim.robot_motion.motion_generation. Please update your code accordingly.
2026-04-28T10:28:26Z [3,869ms] [Warning] [omni.isaac.motion_generation.motion_policy_interface] omni.isaac.motion_generation has been deprecated in favor of isaacsim.robot_motion.motion_generation. Please update your code accordingly.
2026-04-28T10:28:26Z [3,870ms] [Warning] [omni.isaac.motion_generation.path_planner_visualizer] omni.isaac.motion_generation has been deprecated in favor of isaacsim.robot_motion.motion_generation. Please update your code accordingly.
2026-04-28T10:28:26Z [3,870ms] [Warning] [omni.isaac.motion_generation.path_planning_interface] omni.isaac.motion_generation has been deprecated in favor of isaacsim.robot_motion.motion_generation. Please update your code accordingly.
2026-04-28T10:28:26Z [3,870ms] [Warning] [omni.isaac.motion_generation.trajectory] omni.isaac.motion_generation has been deprecated in favor of isaacsim.robot_motion.motion_generation. Please update your code accordingly.
2026-04-28T10:28:26Z [3,870ms] [Warning] [omni.isaac.motion_generation.world_interface] omni.isaac.motion_generation has been deprecated in favor of isaacsim.robot_motion.motion_generation. Please update your code accordingly.
[3.883s] [ext: omni.isaac.assets_check-0.3.13] startup
2026-04-28T10:28:26Z [3,872ms] [Warning] [omni.isaac.assets_check] omni.isaac.assets_check has been deprecated in favor of isaacsim.asset.browser. Please update your code accordingly.
[3.883s] [ext: isaacsim.gui.sensors.icon-2.0.3] startup
[3.893s] [ext: isaacsim.asset.importer.mjcf-2.5.13] startup
[3.898s] [ext: omni.sensors.nv.common-3.0.0] startup
[3.904s] [ext: isaacsim.sensors.physics-0.4.3] startup
[3.909s] [ext: omni.sensors.net-1.0.0] startup
[3.912s] [ext: omni.isaac.nucleus-1.0.6] startup
2026-04-28T10:28:26Z [3,901ms] [Warning] [omni.isaac.nucleus] omni.isaac.nucleus has been deprecated in favor of isaacsim.storage.native. Please update your code accordingly.
2026-04-28T10:28:26Z [3,901ms] [Warning] [omni.isaac.nucleus.nucleus] omni.isaac.nucleus.nucleus has been deprecated in favor of isaacsim.storage.native. Please update your code accordingly.
[3.913s] [ext: omni.sensors.nv.materials-2.0.0] startup
[3.916s] [ext: isaacsim.robot.policy.examples-4.1.11] startup
[3.919s] [ext: omni.sensors.nv.wpm-3.0.0] startup
[3.921s] [ext: omni.sensors.nv.lidar-3.0.0] startup
[3.926s] [ext: isaacsim.util.debug_draw-3.1.0] startup
[3.928s] [ext: omni.sensors.nv.radar-3.0.0] startup
[3.931s] [ext: omni.sensors.nv.ids-2.0.0] startup
[3.932s] [ext: isaacsim.core.cloner-1.4.10] startup
[3.934s] [ext: isaacsim.sensors.physx-2.3.2] startup
[3.937s] [ext: isaacsim.sensors.rtx-15.8.4] startup
[3.944s] [ext: isaacsim.sensors.camera-1.3.6] startup
[3.950s] [ext: omni.isaac.quadruped-3.0.7] startup
2026-04-28T10:28:26Z [3,941ms] [Warning] [omni.isaac.quadruped] omni.isaac.quadruped has been deprecated in favor of isaacsim.robot.policy.examples. Please update your code accordingly.
[3.952s] [ext: omni.isaac.cloner-1.0.7] startup
2026-04-28T10:28:26Z [3,943ms] [Warning] [omni.isaac.cloner] omni.isaac.cloner has been deprecated in favor of isaacsim.core.cloner. Please update your code accordingly.
[3.954s] [ext: omni.isaac.range_sensor-4.0.6] startup
2026-04-28T10:28:26Z [3,947ms] [Warning] [omni.isaac.range_sensor] omni.isaac.range_sensor has been deprecated in favor of isaacsim.sensors.physx. Please update your code accordingly.
2026-04-28T10:28:26Z [3,948ms] [Warning] [omni.isaac.range_sensor.commands] omni.isaac.range_sensor.commands has been deprecated in favor of isaacsim.sensors.physx.commands. Please update your code accordingly.
[3.962s] [ext: omni.isaac.sensor-13.0.7] startup
2026-04-28T10:28:26Z [3,953ms] [Warning] [omni.isaac.sensor] omni.isaac.sensor has been deprecated in favor of isaacsim.sensors.camera, isaacsim.sensors.physics, isaacsim.sensors.physx, and isaacsim.sensors.rtx. Please update your code accordingly.
2026-04-28T10:28:26Z [3,954ms] [Warning] [omni.isaac.sensor.camera] omni.isaac.sensor.camera has been deprecated in favor of isaacsim.sensors.camera.camera. Please update your code accordingly.
2026-04-28T10:28:26Z [3,954ms] [Warning] [omni.isaac.sensor.camera_view] omni.isaac.sensor.camera_view has been deprecated in favor of isaacsim.sensors.camera.camera_view. Please update your code accordingly.
2026-04-28T10:28:26Z [3,954ms] [Warning] [omni.isaac.sensor.commands] omni.isaac.sensor.commands has been deprecated in favor of isaacsim.sensors.physics.commands, isaacsim.sensors.physx.commands, and isaacsim.sensors.rtx.commands. Please update your code accordingly.
2026-04-28T10:28:26Z [3,954ms] [Warning] [omni.isaac.sensor.contact_sensor] omni.isaac.sensor.contact_sensor has been deprecated in favor of isaacsim.sensors.physics.contact_sensor. Please update your code accordingly.
2026-04-28T10:28:26Z [3,954ms] [Warning] [omni.isaac.sensor.imu_sensor] omni.isaac.sensor.imu_sensor has been deprecated in favor of isaacsim.sensors.physics.imu_sensor. Please update your code accordingly.
2026-04-28T10:28:26Z [3,954ms] [Warning] [omni.isaac.sensor.lidar_rtx] omni.isaac.sensor.lidar_rtx has been deprecated in favor of isaacsim.sensors.rtx.lidar_rtx. Please update your code accordingly.
2026-04-28T10:28:26Z [3,954ms] [Warning] [omni.isaac.sensor.rotating_lidar_physX] omni.isaac.sensor.imu_sensor has been deprecated in favor of isaacsim.sensors.physix.rotating_lidar_physX. Please update your code accordingly.
2026-04-28T10:28:26Z [3,955ms] [Warning] [omni.isaac.sensor.scripts.samples.contact_sensor] omni.isaac.sensor.scripts.samples.contact_sensor has been deprecated in favor of isaacsim.sensors.physics.scripts.samples.contact_sensor. Please update your code accordingly.
2026-04-28T10:28:26Z [3,955ms] [Warning] [omni.isaac.sensor.scripts.samples.imu_sensor] omni.isaac.sensor.scripts.samples.imu_sensor has been deprecated in favor of isaacsim.sensors.physics.scripts.samples.imu_sensor. Please update your code accordingly.
2026-04-28T10:28:26Z [3,955ms] [Warning] [omni.isaac.sensor.scripts.samples.lightbeam_sensor] omni.isaac.sensor.scripts.samples.lightbeam_sensor has been deprecated in favor of isaacsim.sensors.physx.scripts.samples.lightbeam_sensor. Please update your code accordingly.
[3.966s] [ext: omni.kit.menu.create-2.0.1] startup
[3.968s] [ext: omni.kit.widget.toolbar-2.0.1] startup
[3.978s] [ext: omni.kit.manipulator.transform-107.0.0] startup
[3.982s] [ext: omni.isaac.core-4.0.7] startup
2026-04-28T10:28:26Z [3,971ms] [Warning] [omni.isaac.core.physics_context.physics_context] omni.isaac.core.physics_context.physics_context has been deprecated in favor of isaacsim.core.api.physics_context.physics_context. Please update your code accordingly.
2026-04-28T10:28:26Z [3,972ms] [Warning] [omni.isaac.core.simulation_context.simulation_context] omni.isaac.core.simulation_context.simulation_context has been deprecated in favor of isaacsim.core.api.simulation_context.simulation_context. Please update your code accordingly.
2026-04-28T10:28:26Z [3,972ms] [Warning] [omni.isaac.core.world.world] omni.isaac.core.world.world has been deprecated in favor of isaacsim.core.api.world.world. Please update your code accordingly.
2026-04-28T10:28:26Z [3,972ms] [Warning] [omni.isaac.core] omni.isaac.core has been deprecated in favor of isaacsim.core.api. Please update your code accordingly.
[3.983s] [ext: omni.kit.scripting-107.3.2] startup
[3.988s] [ext: omni.kit.manipulator.tool.snap-1.5.13] startup
[3.991s] [ext: omni.kit.manipulator.selector-1.1.3] startup
[3.993s] [ext: isaacsim.app.about-2.0.11] startup
[3.997s] [ext: isaacsim.replicator.behavior-1.1.16] startup
[3.997s] [ext: omni.kit.viewport.manipulator.transform-107.0.4] startup
[3.999s] [ext: omni.isaac.window.about-2.0.7] startup
2026-04-28T10:28:26Z [3,990ms] [Warning] [omni.isaac.window.about] omni.isaac.window.about has been deprecated in favor of isaacsim.app.about. Please update your code accordingly.
2026-04-28T10:28:26Z [3,990ms] [Warning] [omni.isaac.window.about.about] omni.isaac.window.about.about has been deprecated in favor of isaacsim.app.about.about. Please update your code accordingly.
[4.001s] [ext: omni.fabric.commands-1.1.6] startup
[4.003s] [ext: omni.kit.manipulator.prim.core-107.0.8] startup
[4.008s] [ext: omni.kit.property.audio-1.0.16] startup
[4.010s] [ext: omni.kit.property.camera-1.0.10] startup
[4.011s] [ext: omni.kit.property.geometry-2.0.4] startup
[4.013s] [ext: omni.hydra.scene_api-0.1.2] startup
[4.018s] [ext: omni.kit.property.light-1.0.12] startup
[4.032s] [ext: omni.kit.manipulator.prim.fabric-107.0.4] startup
[4.034s] [ext: omni.kit.manipulator.prim.usd-107.0.3] startup
[4.036s] [ext: omni.kit.property.material-1.11.9] startup
[4.042s] [ext: omni.kit.property.render-1.2.1] startup
[4.044s] [ext: omni.kit.property.transform-1.5.13] startup
[4.046s] [ext: isaacsim.gui.property-1.1.3] startup
[4.048s] [ext: omni.kit.manipulator.camera-106.0.4] startup
[4.051s] [ext: omni.kit.manipulator.prim-107.0.0] startup
[4.051s] [ext: omni.isaac.surface_gripper-2.0.6] startup
2026-04-28T10:28:26Z [4,040ms] [Warning] [omni.isaac.surface_gripper] omni.isaac.surface_gripper has been deprecated in favor of isaacsim.robot.surface_gripper. Please update your code accordingly.
[4.052s] [ext: omni.kit.manipulator.selection-106.0.1] startup
[4.055s] [ext: omni.kit.property.bundle-1.4.1] startup
[4.055s] [ext: omni.kit.property.isaac-1.0.6] startup
2026-04-28T10:28:26Z [4,045ms] [Warning] [omni.kit.property.isaac] omni.kit.property.isaac has been deprecated in favor of isaacsim.gui.property. Please update your code accordingly.
2026-04-28T10:28:26Z [4,045ms] [Warning] [omni.kit.property.isaac.widgets] omni.kit.property.isaac.widgets has been deprecated in favor of isaacsim.gui.property.widgets. Please update your code accordingly.
[4.056s] [ext: omni.isaac.universal_robots-1.0.6] startup
2026-04-28T10:28:26Z [4,046ms] [Warning] [omni.isaac.universal_robots] omni.isaac.universal_robots has been deprecated in favor of isaacsim.robot.manipulators.examples.universal_robots. Please update your code accordingly.
2026-04-28T10:28:26Z [4,046ms] [Warning] [omni.isaac.universal_robots.kinematics_solver] omni.isaac.franka has been deprecated in favor of isaacsim.robot.manipulators.examples.universal_robots. Please update your code accordingly.
2026-04-28T10:28:26Z [4,047ms] [Warning] [omni.isaac.universal_robots.ur10] omni.isaac.franka has been deprecated in favor of isaacsim.robot.manipulators.examples.universal_robots. Please update your code accordingly.
[4.058s] [ext: omni.isaac.core_nodes-2.0.6] startup
2026-04-28T10:28:26Z [4,048ms] [Warning] [omni.isaac.core_nodes] omni.isaac.core_nodes has been deprecated in favor of isaacsim.core.nodes. Please update your code accordingly.
[4.060s] [ext: omni.kit.viewport.menubar.camera-107.0.6] startup
[4.066s] [ext: omni.kit.viewport.menubar.lighting-107.3.1] startup
[4.068s] [ext: isaacsim.replicator.writers-1.0.17] startup
[4.078s] [ext: omni.kit.viewport.menubar.render-107.0.10] startup
[4.082s] [ext: omni.kit.viewport.menubar.settings-107.0.3] startup
[4.087s] [ext: omni.kit.window.console-1.1.4] startup
[4.092s] [ext: isaacsim.replicator.domain_randomization-1.0.16] startup
[4.094s] [ext: isaacsim.replicator.examples-1.3.6] startup
[4.097s] [ext: omni.ocio-0.1.1] startup
[4.099s] [ext: omni.rtx.window.settings-0.6.19] startup
[4.106s] [ext: omni.kit.window.status_bar-0.1.9] startup
[4.112s] [ext: omni.kit.window.toolbar-2.0.0] startup
[4.117s] [ext: omni.replicator.isaac-2.0.8] startup
2026-04-28T10:28:26Z [4,106ms] [Warning] [omni.replicator.isaac] omni.replicator.isaac has been deprecated in favor of isaacsim.replicator.domain_randomization, isaacsim.replicator.examples, isaacsim.replicator.writers. Please update your code accordingly.
[4.118s] [ext: omni.replicator.replicator_yaml-2.0.11] startup
[4.132s] [ext: omni.rtx.settings.core-0.6.5] startup
[4.136s] [ext: omni.usd.metrics.assembler.ui-107.3.1] startup
[4.145s] [ext: omni.isaac.utils-2.0.6] startup
[4.146s] [ext: semantics.schema.editor-2.0.2] startup
[4.149s] [ext: omni.kit.ui.actions-1.0.5] startup
[4.151s] [ext: semantics.schema.property-2.0.1] startup
[4.152s] [ext: omni.isaac.version-2.0.7] startup
2026-04-28T10:28:26Z [4,142ms] [Warning] [omni.isaac.version] omni.isaac.version has been deprecated in favor of isaacsim.core.version. Please update your code accordingly.
[4.153s] [ext: omni.isaac.cortex-1.0.5] startup
[4.154s] [ext: omni.anim.curve.core-1.3.1] startup
[4.161s] [ext: isaacsim.core.throttling-2.2.2] startup
[4.163s] [ext: omni.kit.menu.common-2.0.1] startup
[4.165s] [ext: isaacsim.exp.base-5.1.0] startup
[4.165s] [ext: isaacsim.exp.base.python-5.1.0] startup
[4.166s] Simulation App Starting
2026-04-28T10:28:26Z [4,320ms] [Warning] [omni.fabric.plugin] Warning: attribute viewportHandle not found for bucket id 9

[4.419s] app ready
[6.600s] Simulation App Startup Complete
2026-04-28T10:28:29Z [6,800ms] [Warning] [omni.fabric.plugin] getAttributeCount called on non-existent path /World/RobotRight/orcahand_right_flattened_v1b/world/collisions/right_collision_tower_text_mesh
2026-04-28T10:28:29Z [6,800ms] [Warning] [omni.fabric.plugin] getTypes called on non-existent path /World/RobotRight/orcahand_right_flattened_v1b/world/collisions/right_collision_tower_text_mesh
2026-04-28T10:28:29Z [7,478ms] [Warning] [rtx.postprocessing.plugin] DLSS increasing input dimensions: Render resolution of (320, 240) is below minimal input resolution of 300.
2026-04-28T10:28:33Z [10,629ms] [Warning] [carb] Client gpu.foundation.plugin has acquired [gpu::unstable::IMemoryBudgetManagerFactory v0.1] 100 times. Consider accessing this interface with carb::getCachedInterface() (Performance warning)
[419.171s] Simulation App Shutting Down
[run_all] (fallback rename) outputs/20250804_104715_overlay_a0.50_qpos_duck_vda.mp4 -> experiments/hand_offset/outputs/v7_focal_scale_1p03.mp4

[run_all] Done. Outputs:
total 8568
drwxrwxr-x 2 shinben0327 shinben0327    4096 Apr 28 12:35 .
drwxrwxr-x 4 shinben0327 shinben0327    4096 Apr 28 11:38 ..
-rw-rw-r-- 1 shinben0327 shinben0327  310175 Apr 28 12:35 run.log
-rw-rw-r-- 1 shinben0327 shinben0327 1043508 Apr 28 11:45 v0_baseline.mp4
-rw-rw-r-- 1 shinben0327 shinben0327 1177863 Apr 28 11:52 v1_no_refine.mp4
-rw-rw-r-- 1 shinben0327 shinben0327 1054896 Apr 28 11:59 v2_ee_y_pos15mm.mp4
-rw-rw-r-- 1 shinben0327 shinben0327 1024288 Apr 28 12:06 v3_ee_y_neg15mm.mp4
-rw-rw-r-- 1 shinben0327 shinben0327 1026166 Apr 28 12:13 v4_ee_x_pos20mm.mp4
-rw-rw-r-- 1 shinben0327 shinben0327 1001256 Apr 28 12:21 v5_cx_minus15.mp4
-rw-rw-r-- 1 shinben0327 shinben0327 1069934 Apr 28 12:28 v6_cx_plus15.mp4
-rw-rw-r-- 1 shinben0327 shinben0327 1037474 Apr 28 12:35 v7_focal_scale_1p03.mp4
